CustomerID,date,Recency_Flag,Freq_Flag,Monetary_Flag
0,201111.0,5,5,5
17841,201111.0,5,5,5
12748,201111.0,5,5,5
13798,201111.0,5,5,5
13798,201112.0,5,5,5
0,201112.0,5,5,5
13777,201111.0,5,4,5
17675,201111.0,5,4,5
15061,201111.0,5,4,5
13767,201111.0,5,4,5
17017,201111.0,5,3,5
14667,201111.0,5,3,5
18118,201111.0,5,3,5
17865,201111.0,5,3,5
17757,201112.0,5,3,5
17243,201112.0,5,3,5
18109,201112.0,5,3,5
16923,201112.0,5,3,5
16779,201112.0,5,3,5
18225,201111.0,5,2,5
13090,201111.0,5,2,5
15555,201111.0,5,2,5
17576,201111.0,5,2,5
14031,201111.0,5,2,5
17965,201111.0,5,2,5
14702,201111.0,5,2,5
13230,201111.0,5,2,5
13969,201111.0,5,2,5
15805,201111.0,5,2,5
17696,201111.0,5,2,5
13418,201111.0,5,2,5
17790,201111.0,5,2,5
16656,201111.0,5,2,5
17690,201111.0,5,2,5
14543,201111.0,5,2,5
18065,201111.0,5,2,5
14952,201111.0,5,2,5
13148,201111.0,5,2,5
12989,201111.0,5,2,5
17220,201111.0,5,2,5
14800,201112.0,5,2,5
14159,201112.0,5,2,5
16393,201112.0,5,2,5
14217,201111.0,5,2,4
15750,201111.0,5,1,5
14766,201111.0,5,1,5
18230,201111.0,5,1,5
17442,201111.0,5,1,5
15811,201111.0,5,1,5
13327,201111.0,5,1,5
17700,201111.0,5,1,5
13136,201111.0,5,1,5
14696,201111.0,5,1,5
17838,201111.0,5,1,5
14713,201111.0,5,1,5
17530,201111.0,5,1,5
17827,201111.0,5,1,5
16265,201111.0,5,1,5
16019,201111.0,5,1,5
14107,201111.0,5,1,5
15529,201111.0,5,1,5
15514,201111.0,5,1,5
13448,201111.0,5,1,5
16873,201112.0,5,1,5
14062,201112.0,5,1,5
15179,201112.0,5,1,5
15570,201112.0,5,1,5
17218,201112.0,5,1,5
17211,201112.0,5,1,5
17646,201111.0,5,1,4
16350,201111.0,5,1,4
13117,201111.0,5,1,4
15192,201111.0,5,1,4
14441,201111.0,5,1,4
15380,201111.0,5,1,4
14047,201111.0,5,1,4
12826,201111.0,5,1,4
16042,201111.0,5,1,4
14898,201111.0,5,1,4
16817,201111.0,5,1,4
15329,201111.0,5,1,4
15211,201111.0,5,1,4
15596,201111.0,5,1,4
16907,201111.0,5,1,4
14419,201111.0,5,1,4
14256,201111.0,5,1,4
16062,201111.0,5,1,4
18116,201111.0,5,1,4
18178,201111.0,5,1,4
18016,201112.0,5,1,4
17126,201112.0,5,1,4
17236,201112.0,5,1,4
17372,201112.0,5,1,4
12872,201111.0,5,1,3
17950,201111.0,5,1,3
17076,201111.0,5,1,3
13000,201111.0,5,1,3
14577,201112.0,5,1,3
16367,201112.0,5,1,3
16898,201111.0,5,1,2
17339,201111.0,5,1,2
16499,201111.0,5,1,2
15279,201111.0,5,1,2
16781,201111.0,5,1,2
17456,201111.0,5,1,2
15535,201111.0,5,1,2
16163,201111.0,5,1,2
17880,201111.0,5,1,2
17912,201111.0,5,1,2
15881,201111.0,5,1,2
16727,201111.0,5,1,2
13787,201111.0,5,1,2
17912,201112.0,5,1,2
14448,201112.0,5,1,2
17251,201112.0,5,1,2
15224,201112.0,5,1,2
12875,201112.0,5,1,2
17917,201112.0,5,1,2
16579,201111.0,5,1,1
17307,201111.0,5,1,1
14082,201111.0,5,1,1
15723,201111.0,5,1,1
14037,201111.0,5,1,1
16565,201112.0,5,1,1
15503,201112.0,5,1,1
0,201109.0,4,5,5
14606,201109.0,4,5,5
12748,201109.0,4,5,5
15311,201109.0,4,5,5
0,201110.0,4,5,5
12971,201110.0,4,5,5
12748,201110.0,4,5,5
14527,201110.0,4,5,5
18102,201110.0,4,5,5
15311,201110.0,4,5,5
13078,201109.0,4,4,5
12921,201109.0,4,4,5
13199,201109.0,4,4,5
17677,201109.0,4,4,5
13113,201109.0,4,4,5
13777,201110.0,4,4,5
13267,201109.0,4,3,5
13050,201109.0,4,3,5
14796,201109.0,4,3,5
16779,201109.0,4,3,5
13599,201109.0,4,3,5
16525,201109.0,4,3,5
15498,201109.0,4,3,5
14051,201109.0,4,3,5
15005,201110.0,4,3,5
15498,201110.0,4,3,5
13267,201110.0,4,3,5
15358,201110.0,4,3,5
13319,201110.0,4,3,5
13854,201110.0,4,3,5
15856,201110.0,4,3,5
13102,201110.0,4,3,5
14667,201110.0,4,3,5
18229,201109.0,4,2,5
14032,201109.0,4,2,5
17706,201109.0,4,2,5
14952,201109.0,4,2,5
17975,201109.0,4,2,5
16558,201109.0,4,2,5
16713,201109.0,4,2,5
14060,201109.0,4,2,5
16553,201109.0,4,2,5
14299,201109.0,4,2,5
15298,201109.0,4,2,5
15581,201110.0,4,2,5
13115,201110.0,4,2,5
17690,201110.0,4,2,5
16722,201110.0,4,2,5
17340,201110.0,4,2,5
16700,201110.0,4,2,5
16011,201110.0,4,2,5
14243,201110.0,4,2,5
15513,201110.0,4,2,5
15694,201110.0,4,2,5
14299,201110.0,4,2,5
17377,201110.0,4,2,5
16782,201110.0,4,2,5
17857,201110.0,4,2,5
13090,201110.0,4,2,5
18041,201110.0,4,2,5
15271,201110.0,4,2,5
15738,201110.0,4,2,5
14217,201109.0,4,2,4
15628,201109.0,4,1,5
18077,201109.0,4,1,5
15750,201109.0,4,1,5
13983,201109.0,4,1,5
13842,201109.0,4,1,5
16081,201109.0,4,1,5
13126,201109.0,4,1,5
15529,201109.0,4,1,5
17722,201109.0,4,1,5
15032,201109.0,4,1,5
17213,201109.0,4,1,5
18061,201109.0,4,1,5
13495,201109.0,4,1,5
18259,201109.0,4,1,5
13523,201109.0,4,1,5
14866,201110.0,4,1,5
14766,201110.0,4,1,5
13758,201110.0,4,1,5
14388,201110.0,4,1,5
14030,201110.0,4,1,5
17655,201110.0,4,1,5
16717,201110.0,4,1,5
18092,201110.0,4,1,5
14440,201110.0,4,1,5
15288,201110.0,4,1,5
13021,201110.0,4,1,5
16255,201110.0,4,1,5
17870,201109.0,4,1,4
14901,201109.0,4,1,4
14744,201109.0,4,1,4
17406,201109.0,4,1,4
15021,201109.0,4,1,4
16016,201109.0,4,1,4
17324,201109.0,4,1,4
15916,201109.0,4,1,4
13455,201109.0,4,1,4
17262,201109.0,4,1,4
17676,201109.0,4,1,4
15680,201110.0,4,1,4
17894,201110.0,4,1,4
13848,201110.0,4,1,4
15996,201110.0,4,1,4
12963,201110.0,4,1,4
15079,201110.0,4,1,4
15660,201110.0,4,1,4
15983,201110.0,4,1,4
16520,201110.0,4,1,4
17702,201110.0,4,1,4
13982,201110.0,4,1,4
17671,201110.0,4,1,4
17646,201110.0,4,1,4
16863,201109.0,4,1,3
13329,201109.0,4,1,3
16122,201109.0,4,1,3
15100,201109.0,4,1,3
18043,201109.0,4,1,3
17341,201109.0,4,1,3
16385,201109.0,4,1,3
13270,201110.0,4,1,3
14618,201110.0,4,1,3
13077,201110.0,4,1,3
13531,201110.0,4,1,3
13370,201110.0,4,1,3
13984,201110.0,4,1,3
12942,201110.0,4,1,3
17411,201110.0,4,1,3
17526,201110.0,4,1,3
14896,201110.0,4,1,3
17062,201110.0,4,1,3
13240,201110.0,4,1,3
15181,201110.0,4,1,3
17198,201110.0,4,1,3
16233,201109.0,4,1,2
13649,201110.0,4,1,2
16858,201110.0,4,1,2
13140,201110.0,4,1,2
15713,201110.0,4,1,2
17999,201110.0,4,1,2
16596,201110.0,4,1,2
18071,201110.0,4,1,2
13369,201110.0,4,1,2
14987,201110.0,4,1,2
14479,201110.0,4,1,2
16065,201110.0,4,1,2
17430,201110.0,4,1,2
17978,201110.0,4,1,2
16795,201110.0,4,1,2
14821,201109.0,4,1,1
15973,201109.0,4,1,1
16893,201109.0,4,1,1
15221,201109.0,4,1,1
16679,201109.0,4,1,1
18269,201109.0,4,1,1
18193,201109.0,4,1,1
12870,201110.0,4,1,1
15347,201110.0,4,1,1
16252,201110.0,4,1,1
14437,201110.0,4,1,1
14355,201110.0,4,1,1
15945,201110.0,4,1,1
14205,201110.0,4,1,1
16519,201110.0,4,1,1
17816,201110.0,4,1,1
0,201107.0,3,5,5
17841,201107.0,3,5,5
12748,201107.0,3,5,5
12971,201107.0,3,5,5
0,201108.0,3,5,5
12748,201108.0,3,5,5
18102,201108.0,3,5,5
17450,201107.0,3,4,5
17511,201107.0,3,4,5
17675,201107.0,3,4,5
15061,201108.0,3,4,5
17017,201107.0,3,3,5
13319,201107.0,3,3,5
15498,201107.0,3,3,5
15502,201107.0,3,2,5
15194,201107.0,3,2,5
16782,201107.0,3,2,5
17920,201107.0,3,2,5
17735,201107.0,3,2,5
15838,201107.0,3,2,5
14733,201107.0,3,2,5
13756,201107.0,3,2,5
14282,201107.0,3,2,5
17954,201107.0,3,2,5
14135,201107.0,3,2,5
13488,201107.0,3,2,5
13769,201107.0,3,2,5
16904,201107.0,3,2,5
16904,201108.0,3,2,5
17419,201108.0,3,2,5
12839,201108.0,3,2,5
15602,201107.0,3,2,4
17191,201107.0,3,1,5
13495,201107.0,3,1,5
17218,201107.0,3,1,5
12913,201107.0,3,1,5
18055,201107.0,3,1,5
17091,201107.0,3,1,5
14907,201107.0,3,1,5
17491,201107.0,3,1,5
13880,201108.0,3,1,5
14739,201108.0,3,1,5
16293,201108.0,3,1,5
17591,201108.0,3,1,5
14409,201107.0,3,1,4
13481,201107.0,3,1,4
17519,201107.0,3,1,4
14215,201107.0,3,1,4
17320,201107.0,3,1,4
15021,201107.0,3,1,4
17470,201107.0,3,1,4
17228,201107.0,3,1,4
16059,201107.0,3,1,4
17720,201107.0,3,1,4
17287,201107.0,3,1,4
14673,201107.0,3,1,4
15002,201107.0,3,1,4
15024,201107.0,3,1,4
15898,201108.0,3,1,4
16086,201108.0,3,1,4
15858,201108.0,3,1,4
16775,201108.0,3,1,4
16950,201108.0,3,1,4
15024,201108.0,3,1,4
16365,201108.0,3,1,4
13030,201107.0,3,1,3
16654,201107.0,3,1,3
17884,201107.0,3,1,3
17812,201107.0,3,1,3
13564,201107.0,3,1,3
13963,201107.0,3,1,3
17616,201107.0,3,1,3
15649,201107.0,3,1,3
14344,201107.0,3,1,3
14176,201107.0,3,1,3
15353,201107.0,3,1,3
16221,201107.0,3,1,3
15965,201107.0,3,1,3
16306,201108.0,3,1,3
17897,201108.0,3,1,3
15081,201108.0,3,1,3
15100,201108.0,3,1,3
17869,201107.0,3,1,2
14850,201107.0,3,1,2
15018,201107.0,3,1,2
13569,201107.0,3,1,2
13173,201108.0,3,1,2
16125,201108.0,3,1,2
16861,201107.0,3,1,1
16138,201107.0,3,1,1
18119,201107.0,3,1,1
13786,201108.0,3,1,1
15180,201108.0,3,1,1
13807,201108.0,3,1,1
12748,201105.0,2,5,5
14527,201105.0,2,5,5
15311,201105.0,2,5,5
14606,201105.0,2,5,5
16422,201105.0,2,5,5
0,201105.0,2,5,5
0,201106.0,2,5,5
12748,201106.0,2,5,5
13089,201106.0,2,5,5
13767,201105.0,2,4,5
17677,201105.0,2,4,5
15039,201106.0,2,4,5
13468,201106.0,2,4,5
17428,201105.0,2,3,5
16161,201105.0,2,3,5
17381,201105.0,2,3,5
16161,201106.0,2,3,5
15078,201106.0,2,3,5
14667,201106.0,2,3,5
17757,201106.0,2,3,5
16393,201105.0,2,2,5
15867,201105.0,2,2,5
15555,201105.0,2,2,5
15502,201105.0,2,2,5
17965,201105.0,2,2,5
16210,201106.0,2,2,5
14189,201106.0,2,2,5
15301,201106.0,2,2,5
14085,201106.0,2,2,5
16722,201106.0,2,2,5
17068,201106.0,2,2,5
13094,201106.0,2,2,4
15570,201105.0,2,1,5
15808,201105.0,2,1,5
17858,201105.0,2,1,5
17863,201105.0,2,1,5
15023,201105.0,2,1,5
17402,201105.0,2,1,5
14506,201105.0,2,1,5
15235,201105.0,2,1,5
16143,201105.0,2,1,5
12747,201105.0,2,1,5
13174,201105.0,2,1,5
18219,201106.0,2,1,5
14825,201106.0,2,1,5
17596,201106.0,2,1,5
16919,201106.0,2,1,5
16710,201106.0,2,1,5
16550,201106.0,2,1,5
15984,201106.0,2,1,5
17682,201106.0,2,1,5
15356,201106.0,2,1,5
14161,201105.0,2,1,4
15426,201105.0,2,1,4
15953,201105.0,2,1,4
14081,201105.0,2,1,4
14404,201105.0,2,1,4
15987,201105.0,2,1,4
13652,201105.0,2,1,4
14293,201106.0,2,1,4
14748,201106.0,2,1,4
16638,201106.0,2,1,4
15898,201106.0,2,1,4
14443,201106.0,2,1,4
17227,201106.0,2,1,4
15860,201106.0,2,1,4
16719,201106.0,2,1,4
14708,201106.0,2,1,4
13155,201106.0,2,1,4
17019,201106.0,2,1,4
14487,201106.0,2,1,4
16817,201106.0,2,1,4
15426,201106.0,2,1,4
16718,201105.0,2,1,3
13034,201105.0,2,1,3
13579,201105.0,2,1,3
17674,201106.0,2,1,3
16955,201106.0,2,1,3
15919,201106.0,2,1,3
15304,201106.0,2,1,3
14867,201106.0,2,1,3
14344,201106.0,2,1,3
15028,201106.0,2,1,3
17259,201106.0,2,1,3
15882,201106.0,2,1,3
13030,201106.0,2,1,3
15880,201105.0,2,1,2
16402,201105.0,2,1,2
15894,201105.0,2,1,2
15889,201105.0,2,1,2
16858,201105.0,2,1,2
17691,201106.0,2,1,2
13497,201106.0,2,1,2
15048,201106.0,2,1,2
16898,201106.0,2,1,2
17860,201106.0,2,1,2
17223,201106.0,2,1,2
16411,201105.0,2,1,1
15899,201106.0,2,1,1
18113,201106.0,2,1,1
16658,201106.0,2,1,1
15311,201012.0,1,5,5
14527,201012.0,1,5,5
16029,201012.0,1,5,5
13408,201012.0,1,5,5
0,201012.0,1,5,5
13694,201012.0,1,5,5
12748,201012.0,1,5,5
17841,201012.0,1,5,5
0,201101.0,1,5,5
17841,201101.0,1,5,5
14606,201101.0,1,5,5
0,201102.0,1,5,5
12748,201102.0,1,5,5
12971,201102.0,1,5,5
13798,201103.0,1,5,5
13408,201103.0,1,5,5
16029,201103.0,1,5,5
0,201103.0,1,5,5
17841,201103.0,1,5,5
0,201104.0,1,5,5
17841,201104.0,1,5,5
13089,201104.0,1,5,5
12748,201104.0,1,5,5
0,,1,5,5
13408,,1,5,5
15311,,1,5,5
13089,,1,5,5
12748,,1,5,5
16422,,1,5,5
14606,,1,5,5
17841,,1,5,5
14527,,1,5,5
12971,,1,5,5
16029,,1,5,5
13694,,1,5,5
13798,,1,5,5
18102,,1,5,5
17511,201012.0,1,4,5
13767,201012.0,1,4,5
12921,201101.0,1,4,5
13468,201101.0,1,4,5
13777,201101.0,1,4,5
13767,201102.0,1,4,5
15061,201102.0,1,4,5
16013,201103.0,1,4,5
17949,201103.0,1,4,5
16839,201104.0,1,4,5
17677,,1,4,5
13078,,1,4,5
15039,,1,4,5
14298,,1,4,5
13767,,1,4,5
17511,,1,4,5
15061,,1,4,5
16013,,1,4,5
13468,,1,4,5
13199,,1,4,5
13534,,1,4,5
17315,,1,4,5
13777,,1,4,5
17389,,1,4,5
17675,,1,4,5
12921,,1,4,5
17949,,1,4,5
16839,,1,4,5
17811,,1,4,5
17450,,1,4,5
15189,,1,4,5
13113,,1,4,5
16133,,1,4,5
13098,,1,4,5
17961,201103.0,1,4,4
17961,,1,4,4
17850,201012.0,1,3,5
14688,201012.0,1,3,5
14849,201012.0,1,3,5
17850,201101.0,1,3,5
17017,201101.0,1,3,5
17850,201102.0,1,3,5
17381,201102.0,1,3,5
14180,201102.0,1,3,5
17581,201102.0,1,3,5
17757,201102.0,1,3,5
17757,201103.0,1,3,5
12841,201103.0,1,3,5
15769,201104.0,1,3,5
17243,201104.0,1,3,5
16033,201104.0,1,3,5
18109,201104.0,1,3,5
13069,201104.0,1,3,5
16168,201104.0,1,3,5
18118,201104.0,1,3,5
12841,201104.0,1,3,5
16779,,1,3,5
13668,,1,3,5
14180,,1,3,5
14796,,1,3,5
17428,,1,3,5
13069,,1,3,5
15159,,1,3,5
16161,,1,3,5
13050,,1,3,5
13599,,1,3,5
14667,,1,3,5
13267,,1,3,5
17017,,1,3,5
16033,,1,3,5
13102,,1,3,5
17757,,1,3,5
14051,,1,3,5
15078,,1,3,5
15005,,1,3,5
15615,,1,3,5
16525,,1,3,5
16705,,1,3,5
14849,,1,3,5
14735,,1,3,5
18223,,1,3,5
16684,,1,3,5
13854,,1,3,5
17865,,1,3,5
15856,,1,3,5
17243,,1,3,5
13319,,1,3,5
15358,,1,3,5
17581,,1,3,5
15498,,1,3,5
15769,,1,3,5
18109,,1,3,5
12841,,1,3,5
16923,,1,3,5
17381,,1,3,5
14688,,1,3,5
18118,,1,3,5
13263,,1,3,5
16168,,1,3,5
16523,,1,3,5
14194,,1,3,5
17850,,1,3,5
13018,,1,3,5
14056,,1,3,5
12901,,1,3,5
16729,,1,3,5
14096,,1,3,5
13047,201012.0,1,2,5
15291,201012.0,1,2,5
17809,201012.0,1,2,5
15513,201012.0,1,2,5
17920,201012.0,1,2,5
16210,201012.0,1,2,5
17377,201012.0,1,2,5
17346,201012.0,1,2,5
16928,201101.0,1,2,5
17690,201101.0,1,2,5
18229,201101.0,1,2,5
13576,201101.0,1,2,5
13090,201101.0,1,2,5
15694,201101.0,1,2,5
14092,201101.0,1,2,5
14135,201101.0,1,2,5
15601,201101.0,1,2,5
13418,201101.0,1,2,5
18041,201101.0,1,2,5
18041,201102.0,1,2,5
15955,201102.0,1,2,5
14060,201102.0,1,2,5
15738,201102.0,1,2,5
15838,201102.0,1,2,5
15640,201102.0,1,2,5
14031,201102.0,1,2,5
17659,201102.0,1,2,5
18225,201103.0,1,2,5
14680,201103.0,1,2,5
13013,201103.0,1,2,5
17809,201103.0,1,2,5
17954,201103.0,1,2,5
17238,201104.0,1,2,5
13081,201104.0,1,2,5
15465,201104.0,1,2,5
14800,201104.0,1,2,5
16931,201104.0,1,2,5
16814,201104.0,1,2,5
13269,201104.0,1,2,5
16353,201104.0,1,2,5
16011,,1,2,5
15547,,1,2,5
15044,,1,2,5
16210,,1,2,5
17790,,1,2,5
13999,,1,2,5
16701,,1,2,5
15555,,1,2,5
17231,,1,2,5
14085,,1,2,5
17611,,1,2,5
15640,,1,2,5
13269,,1,2,5
15867,,1,2,5
15194,,1,2,5
14733,,1,2,5
17576,,1,2,5
15694,,1,2,5
16558,,1,2,5
14032,,1,2,5
18075,,1,2,5
16570,,1,2,5
17975,,1,2,5
16722,,1,2,5
16782,,1,2,5
16458,,1,2,5
13769,,1,2,5
14057,,1,2,5
16191,,1,2,5
14680,,1,2,5
14415,,1,2,5
16553,,1,2,5
13097,,1,2,5
13756,,1,2,5
14401,,1,2,5
16145,,1,2,5
17346,,1,2,5
14060,,1,2,5
13458,,1,2,5
15465,,1,2,5
14426,,1,2,5
16353,,1,2,5
13418,,1,2,5
15290,,1,2,5
13266,,1,2,5
16607,,1,2,5
15482,,1,2,5
16670,,1,2,5
16746,,1,2,5
17377,,1,2,5
14709,,1,2,5
15601,,1,2,5
17068,,1,2,5
14092,,1,2,5
17857,,1,2,5
18065,,1,2,5
17659,,1,2,5
16945,,1,2,5
13004,,1,2,5
14560,,1,2,5
12931,,1,2,5
15291,,1,2,5
14243,,1,2,5
16931,,1,2,5
14031,,1,2,5
12839,,1,2,5
15581,,1,2,5
16713,,1,2,5
14299,,1,2,5
17340,,1,2,5
14135,,1,2,5
13148,,1,2,5
17306,,1,2,5
14944,,1,2,5
16656,,1,2,5
14462,,1,2,5
16814,,1,2,5
14189,,1,2,5
15046,,1,2,5
13081,,1,2,5
15298,,1,2,5
18226,,1,2,5
15271,,1,2,5
15719,,1,2,5
18283,,1,2,5
13576,,1,2,5
18041,,1,2,5
13488,,1,2,5
13115,,1,2,5
13047,,1,2,5
17696,,1,2,5
14702,,1,2,5
18198,,1,2,5
14800,,1,2,5
16326,,1,2,5
17965,,1,2,5
15939,,1,2,5
14040,,1,2,5
15513,,1,2,5
18229,,1,2,5
13090,,1,2,5
14329,,1,2,5
17954,,1,2,5
16401,,1,2,5
12989,,1,2,5
16843,,1,2,5
17690,,1,2,5
13001,,1,2,5
17730,,1,2,5
15738,,1,2,5
14292,,1,2,5
17419,,1,2,5
16904,,1,2,5
16912,,1,2,5
14895,,1,2,5
14088,,1,2,5
16928,,1,2,5
13969,,1,2,5
17238,,1,2,5
17644,,1,2,5
13230,,1,2,5
13742,,1,2,5
14543,,1,2,5
14534,,1,2,5
17735,,1,2,5
16700,,1,2,5
13552,,1,2,5
13709,,1,2,5
17920,,1,2,5
14502,,1,2,5
17220,,1,2,5
15144,,1,2,5
13881,,1,2,5
16745,,1,2,5
15838,,1,2,5
17071,,1,2,5
16333,,1,2,5
13871,,1,2,5
14952,,1,2,5
17613,,1,2,5
18225,,1,2,5
14562,,1,2,5
17940,,1,2,5
17809,,1,2,5
16393,,1,2,5
18172,,1,2,5
17706,,1,2,5
17139,,1,2,5
15805,,1,2,5
16592,,1,2,5
14227,,1,2,5
16187,,1,2,5
16678,,1,2,5
15622,,1,2,5
17652,,1,2,5
13014,,1,2,5
14367,,1,2,5
15502,,1,2,5
15125,,1,2,5
12955,,1,2,5
15301,,1,2,5
13268,,1,2,5
17725,,1,2,5
16672,,1,2,5
16626,,1,2,5
14282,,1,2,5
13985,,1,2,5
14607,,1,2,5
13695,,1,2,5
14159,,1,2,5
15249,,1,2,5
17719,,1,2,5
13013,,1,2,5
15955,,1,2,5
15251,,1,2,5
14191,,1,2,5
18241,,1,2,5
14397,,1,2,5
15187,,1,2,5
15804,,1,2,5
15152,,1,2,5
17651,,1,2,5
14808,,1,2,5
16764,,1,2,5
14456,,1,2,5
15827,201102.0,1,2,4
15602,,1,2,4
13890,,1,2,4
13094,,1,2,4
14217,,1,2,4
15611,,1,2,4
15827,,1,2,4
14410,,1,2,3
16098,201012.0,1,1,5
17924,201012.0,1,1,5
13448,201012.0,1,1,5
16218,201012.0,1,1,5
14307,201012.0,1,1,5
13758,201012.0,1,1,5
14001,201012.0,1,1,5
15485,201012.0,1,1,5
18144,201012.0,1,1,5
16456,201012.0,1,1,5
13093,201101.0,1,1,5
14696,201101.0,1,1,5
17069,201101.0,1,1,5
15235,201101.0,1,1,5
15752,201101.0,1,1,5
13941,201101.0,1,1,5
14766,201101.0,1,1,5
14388,201101.0,1,1,5
14390,201102.0,1,1,5
13305,201102.0,1,1,5
15544,201102.0,1,1,5
14466,201102.0,1,1,5
16186,201102.0,1,1,5
17685,201102.0,1,1,5
17567,201102.0,1,1,5
17838,201102.0,1,1,5
15834,201102.0,1,1,5
15299,201102.0,1,1,5
17924,201103.0,1,1,5
16754,201103.0,1,1,5
14395,201103.0,1,1,5
15093,201103.0,1,1,5
17396,201103.0,1,1,5
16905,201103.0,1,1,5
16477,201103.0,1,1,5
17819,201103.0,1,1,5
15373,201104.0,1,1,5
13941,201104.0,1,1,5
15708,201104.0,1,1,5
18055,201104.0,1,1,5
16241,201104.0,1,1,5
14810,201104.0,1,1,5
13831,201104.0,1,1,5
17059,201104.0,1,1,5
16327,201104.0,1,1,5
17211,201104.0,1,1,5
15570,201104.0,1,1,5
17819,,1,1,5
17188,,1,1,5
15998,,1,1,5
17937,,1,1,5
14505,,1,1,5
13198,,1,1,5
13225,,1,1,5
14290,,1,1,5
13209,,1,1,5
12747,,1,1,5
14498,,1,1,5
15854,,1,1,5
14544,,1,1,5
17338,,1,1,5
17799,,1,1,5
14565,,1,1,5
14639,,1,1,5
15808,,1,1,5
13448,,1,1,5
14525,,1,1,5
13324,,1,1,5
13802,,1,1,5
16143,,1,1,5
15093,,1,1,5
14907,,1,1,5
15356,,1,1,5
17722,,1,1,5
14961,,1,1,5
17685,,1,1,5
15514,,1,1,5
13178,,1,1,5
18044,,1,1,5
18219,,1,1,5
18144,,1,1,5
16556,,1,1,5
16710,,1,1,5
16919,,1,1,5
17739,,1,1,5
12867,,1,1,5
15373,,1,1,5
16954,,1,1,5
17449,,1,1,5
17230,,1,1,5
13495,,1,1,5
16003,,1,1,5
13426,,1,1,5
17858,,1,1,5
13124,,1,1,5
12928,,1,1,5
15727,,1,1,5
18230,,1,1,5
13317,,1,1,5
17001,,1,1,5
13093,,1,1,5
13021,,1,1,5
14841,,1,1,5
16985,,1,1,5
14825,,1,1,5
12980,,1,1,5
18055,,1,1,5
16743,,1,1,5
15394,,1,1,5
15379,,1,1,5
14309,,1,1,5
17213,,1,1,5
17744,,1,1,5
16316,,1,1,5
17655,,1,1,5
14334,,1,1,5
18260,,1,1,5
14713,,1,1,5
14769,,1,1,5
15811,,1,1,5
13869,,1,1,5
14146,,1,1,5
15570,,1,1,5
18077,,1,1,5
14472,,1,1,5
16686,,1,1,5
18245,,1,1,5
17218,,1,1,5
17069,,1,1,5
14099,,1,1,5
18092,,1,1,5
14107,,1,1,5
17924,,1,1,5
13027,,1,1,5
14062,,1,1,5
17090,,1,1,5
16873,,1,1,5
15527,,1,1,5
18097,,1,1,5
15034,,1,1,5
17211,,1,1,5
17400,,1,1,5
17593,,1,1,5
13953,,1,1,5
16477,,1,1,5
15235,,1,1,5
16875,,1,1,5
16255,,1,1,5
12957,,1,1,5
13680,,1,1,5
14732,,1,1,5
14221,,1,1,5
16241,,1,1,5
13126,,1,1,5
13629,,1,1,5
16532,,1,1,5
15984,,1,1,5
14739,,1,1,5
14653,,1,1,5
16771,,1,1,5
13082,,1,1,5
14258,,1,1,5
17634,,1,1,5
15845,,1,1,5
14828,,1,1,5
16019,,1,1,5
13842,,1,1,5
13593,,1,1,5
15485,,1,1,5
13183,,1,1,5
12939,,1,1,5
14810,,1,1,5
13758,,1,1,5
15708,,1,1,5
16735,,1,1,5
14755,,1,1,5
16549,,1,1,5
14395,,1,1,5
13451,,1,1,5
16497,,1,1,5
16303,,1,1,5
15281,,1,1,5
15370,,1,1,5
17365,,1,1,5
15749,,1,1,5
14209,,1,1,5
13784,,1,1,5
13862,,1,1,5
16655,,1,1,5
17364,,1,1,5
13993,,1,1,5
15687,,1,1,5
14175,,1,1,5
15033,,1,1,5
17402,,1,1,5
13700,,1,1,5
18069,,1,1,5
15673,,1,1,5
13527,,1,1,5
15696,,1,1,5
15296,,1,1,5
14101,,1,1,5
13983,,1,1,5
13883,,1,1,5
17491,,1,1,5
14696,,1,1,5
15023,,1,1,5
17091,,1,1,5
15606,,1,1,5
14307,,1,1,5
17602,,1,1,5
14572,,1,1,5
15529,,1,1,5
18061,,1,1,5
17504,,1,1,5
16618,,1,1,5
12916,,1,1,5
17769,,1,1,5
15443,,1,1,5
17861,,1,1,5
17591,,1,1,5
15179,,1,1,5
12935,,1,1,5
15797,,1,1,5
13901,,1,1,5
14257,,1,1,5
15218,,1,1,5
18008,,1,1,5
14341,,1,1,5
17082,,1,1,5
14049,,1,1,5
16409,,1,1,5
14440,,1,1,5
14701,,1,1,5
16767,,1,1,5
14239,,1,1,5
13174,,1,1,5
16327,,1,1,5
14659,,1,1,5
13141,,1,1,5
17314,,1,1,5
18145,,1,1,5
14776,,1,1,5
16407,,1,1,5
15058,,1,1,5
12836,,1,1,5
15981,,1,1,5
15971,,1,1,5
17863,,1,1,5
16156,,1,1,5
15270,,1,1,5
14188,,1,1,5
16717,,1,1,5
17337,,1,1,5
13394,,1,1,5
17672,,1,1,5
14466,,1,1,5
13137,,1,1,5
13911,,1,1,5
14842,,1,1,5
16456,,1,1,5
13334,,1,1,5
14030,,1,1,5
16265,,1,1,5
13590,,1,1,5
17686,,1,1,5
18093,,1,1,5
15796,,1,1,5
15114,,1,1,5
15544,,1,1,5
18087,,1,1,5
17512,,1,1,5
14676,,1,1,5
12913,,1,1,5
15299,,1,1,5
17050,,1,1,5
17667,,1,1,5
16098,,1,1,5
13381,,1,1,5
17612,,1,1,5
13941,,1,1,5
17530,,1,1,5
13880,,1,1,5
17567,,1,1,5
14530,,1,1,5
16126,,1,1,5
18257,,1,1,5
13305,,1,1,5
13327,,1,1,5
15382,,1,1,5
15903,,1,1,5
15785,,1,1,5
14211,,1,1,5
15228,,1,1,5
16182,,1,1,5
15755,,1,1,5
17838,,1,1,5
18094,,1,1,5
15129,,1,1,5
15321,,1,1,5
15065,,1,1,5
15722,,1,1,5
17442,,1,1,5
18188,,1,1,5
13285,,1,1,5
13804,,1,1,5
16940,,1,1,5
15932,,1,1,5
18231,,1,1,5
14004,,1,1,5
15974,,1,1,5
13851,,1,1,5
13870,,1,1,5
13362,,1,1,5
13971,,1,1,5
13630,,1,1,5
16057,,1,1,5
15874,,1,1,5
15676,,1,1,5
14506,,1,1,5
15750,,1,1,5
15416,,1,1,5
13722,,1,1,5
17426,,1,1,5
14388,,1,1,5
16709,,1,1,5
17416,,1,1,5
17700,,1,1,5
17191,,1,1,5
14903,,1,1,5
15572,,1,1,5
17107,,1,1,5
13344,,1,1,5
15752,,1,1,5
16242,,1,1,5
15834,,1,1,5
15764,,1,1,5
13340,,1,1,5
14407,,1,1,5
13908,,1,1,5
13975,,1,1,5
14730,,1,1,5
13373,,1,1,5
16712,,1,1,5
17049,,1,1,5
14112,,1,1,5
14291,,1,1,5
15632,,1,1,5
18173,,1,1,5
14854,,1,1,5
13265,,1,1,5
13654,,1,1,5
16652,,1,1,5
17164,,1,1,5
15671,,1,1,5
16871,,1,1,5
15493,,1,1,5
16293,,1,1,5
15150,,1,1,5
14226,,1,1,5
17716,,1,1,5
18210,,1,1,5
13631,,1,1,5
14422,,1,1,5
15861,,1,1,5
14110,,1,1,5
14315,,1,1,5
17133,,1,1,5
12948,,1,1,5
14232,,1,1,5
15288,,1,1,5
15140,,1,1,5
14408,,1,1,5
17272,,1,1,5
14711,,1,1,5
15410,,1,1,5
14461,,1,1,5
15245,,1,1,5
16308,,1,1,5
17059,,1,1,5
14235,,1,1,5
16905,,1,1,5
15815,,1,1,5
13139,,1,1,5
16081,,1,1,5
17625,,1,1,5
14766,,1,1,5
15032,,1,1,5
16253,,1,1,5
15628,,1,1,5
13588,,1,1,5
15521,,1,1,5
16218,,1,1,5
13988,,1,1,5
13316,,1,1,5
15980,,1,1,5
17088,,1,1,5
13571,,1,1,5
12909,,1,1,5
16698,,1,1,5
16609,,1,1,5
16180,,1,1,5
12949,,1,1,5
14852,,1,1,5
17758,,1,1,5
17669,,1,1,5
13015,,1,1,5
14546,,1,1,5
17596,,1,1,5
14535,,1,1,5
17682,,1,1,5
13771,,1,1,5
18272,,1,1,5
16209,,1,1,5
16837,,1,1,5
13632,,1,1,5
15665,,1,1,5
14286,,1,1,5
17827,,1,1,5
12910,,1,1,5
16186,,1,1,5
17160,,1,1,5
14844,,1,1,5
14262,,1,1,5
17589,,1,1,5
16966,,1,1,5
16131,,1,1,5
14390,,1,1,5
14482,,1,1,5
14163,,1,1,5
13952,,1,1,5
18079,,1,1,5
14700,,1,1,5
15491,,1,1,5
16550,,1,1,5
16628,,1,1,5
13735,,1,1,5
16633,,1,1,5
14626,,1,1,5
14868,,1,1,5
14001,,1,1,5
17061,,1,1,5
14640,,1,1,5
12840,,1,1,5
16258,,1,1,5
13831,,1,1,5
14515,,1,1,5
13450,,1,1,5
13365,,1,1,5
14145,,1,1,5
14005,,1,1,5
15704,,1,1,5
16440,,1,1,5
17723,,1,1,5
18242,,1,1,5
17597,,1,1,5
12749,,1,1,5
14691,,1,1,5
13136,,1,1,5
14364,,1,1,5
16076,,1,1,5
15123,,1,1,5
16818,,1,1,5
13658,,1,1,5
13555,,1,1,5
16341,,1,1,5
13523,,1,1,5
18073,,1,1,5
13135,,1,1,5
18204,,1,1,5
13437,,1,1,5
13435,,1,1,5
16358,,1,1,5
14132,,1,1,5
16107,,1,1,5
13517,,1,1,5
14503,,1,1,5
13384,,1,1,5
12830,,1,1,5
17768,,1,1,5
17386,,1,1,5
13895,,1,1,5
15505,,1,1,5
14493,,1,1,5
13224,,1,1,5
17396,,1,1,5
13994,,1,1,5
17554,,1,1,5
13507,,1,1,5
14866,,1,1,5
16041,,1,1,5
15372,,1,1,5
15105,,1,1,5
17173,,1,1,5
16984,,1,1,5
15089,,1,1,5
15786,,1,1,5
14418,,1,1,5
13644,,1,1,5
17183,,1,1,5
13949,,1,1,5
14360,,1,1,5
17317,,1,1,5
14432,,1,1,5
15782,,1,1,5
16360,,1,1,5
13704,,1,1,5
18251,,1,1,5
17728,,1,1,5
14306,,1,1,5
17679,,1,1,5
17434,,1,1,5
18259,,1,1,5
17846,,1,1,5
15341,,1,1,5
16379,,1,1,5
15484,,1,1,5
12906,,1,1,5
14125,,1,1,5
16240,,1,1,5
17131,,1,1,5
13536,,1,1,5
16281,,1,1,5
17528,,1,1,5
13297,,1,1,5
13422,,1,1,5
17086,,1,1,5
12856,,1,1,5
17509,,1,1,5
13755,,1,1,5
13685,,1,1,5
17203,,1,1,5
14121,,1,1,5
14251,,1,1,5
14547,,1,1,5
15113,,1,1,5
14554,,1,1,5
13471,,1,1,5
15993,,1,1,5
13868,,1,1,5
17084,,1,1,5
17313,,1,1,5
15531,,1,1,5
18139,,1,1,5
16000,,1,1,5
15195,,1,1,5
13748,201012.0,1,1,4
14045,201012.0,1,1,4
15983,201012.0,1,1,4
17951,201012.0,1,1,4
12868,201012.0,1,1,4
14078,201012.0,1,1,4
15605,201012.0,1,1,4
17873,201101.0,1,1,4
16539,201101.0,1,1,4
12947,201101.0,1,1,4
14741,201101.0,1,1,4
13715,201101.0,1,1,4
14047,201101.0,1,1,4
15658,201101.0,1,1,4
14901,201101.0,1,1,4
16244,201102.0,1,1,4
15111,201102.0,1,1,4
15260,201102.0,1,1,4
17287,201102.0,1,1,4
16042,201102.0,1,1,4
13117,201102.0,1,1,4
17802,201102.0,1,1,4
14449,201102.0,1,1,4
13491,201102.0,1,1,4
13138,201102.0,1,1,4
17228,201102.0,1,1,4
17412,201102.0,1,1,4
14775,201102.0,1,1,4
14443,201102.0,1,1,4
18168,201102.0,1,1,4
18239,201103.0,1,1,4
18168,201103.0,1,1,4
16150,201103.0,1,1,4
17552,201103.0,1,1,4
14573,201103.0,1,1,4
17135,201103.0,1,1,4
12967,201103.0,1,1,4
15240,201103.0,1,1,4
14083,201103.0,1,1,4
14210,201103.0,1,1,4
17787,201103.0,1,1,4
14723,201103.0,1,1,4
14898,201104.0,1,1,4
16455,201104.0,1,1,4
15351,201104.0,1,1,4
15716,201104.0,1,1,4
16983,201104.0,1,1,4
17085,,1,1,4
13715,,1,1,4
14684,,1,1,4
14608,,1,1,4
17618,,1,1,4
14741,,1,1,4
16726,,1,1,4
17293,,1,1,4
13211,,1,1,4
15777,,1,1,4
16455,,1,1,4
17519,,1,1,4
17894,,1,1,4
14524,,1,1,4
14901,,1,1,4
17041,,1,1,4
16083,,1,1,4
14708,,1,1,4
15983,,1,1,4
17158,,1,1,4
16899,,1,1,4
16531,,1,1,4
17372,,1,1,4
16503,,1,1,4
15392,,1,1,4
16817,,1,1,4
17629,,1,1,4
18168,,1,1,4
13611,,1,1,4
13491,,1,1,4
15950,,1,1,4
16638,,1,1,4
17033,,1,1,4
16365,,1,1,4
14913,,1,1,4
15641,,1,1,4
17214,,1,1,4
15062,,1,1,4
17044,,1,1,4
17633,,1,1,4
14898,,1,1,4
12947,,1,1,4
16996,,1,1,4
14414,,1,1,4
15563,,1,1,4
14878,,1,1,4
12877,,1,1,4
17951,,1,1,4
14621,,1,1,4
18116,,1,1,4
17288,,1,1,4
15157,,1,1,4
15620,,1,1,4
16271,,1,1,4
16539,,1,1,4
15532,,1,1,4
17412,,1,1,4
17848,,1,1,4
12967,,1,1,4
14723,,1,1,4
13627,,1,1,4
16711,,1,1,4
16153,,1,1,4
15312,,1,1,4
14113,,1,1,4
13104,,1,1,4
17204,,1,1,4
17621,,1,1,4
14083,,1,1,4
14737,,1,1,4
13029,,1,1,4
16270,,1,1,4
14533,,1,1,4
14532,,1,1,4
15587,,1,1,4
13165,,1,1,4
13313,,1,1,4
14210,,1,1,4
13397,,1,1,4
17457,,1,1,4
13253,,1,1,4
15002,,1,1,4
15841,,1,1,4
16719,,1,1,4
17585,,1,1,4
15464,,1,1,4
14045,,1,1,4
17368,,1,1,4
16676,,1,1,4
13764,,1,1,4
14312,,1,1,4
16094,,1,1,4
14047,,1,1,4
16150,,1,1,4
16551,,1,1,4
16889,,1,1,4
13750,,1,1,4
18179,,1,1,4
17284,,1,1,4
13162,,1,1,4
17095,,1,1,4
15059,,1,1,4
16833,,1,1,4
17800,,1,1,4
16748,,1,1,4
14794,,1,1,4
16350,,1,1,4
18171,,1,1,4
16279,,1,1,4
14321,,1,1,4
14229,,1,1,4
13107,,1,1,4
17406,,1,1,4
14669,,1,1,4
15518,,1,1,4
16042,,1,1,4
15569,,1,1,4
16791,,1,1,4
16359,,1,1,4
15953,,1,1,4
17324,,1,1,4
14748,,1,1,4
14587,,1,1,4
14514,,1,1,4
12868,,1,1,4
15171,,1,1,4
12951,,1,1,4
15835,,1,1,4
17019,,1,1,4
14978,,1,1,4
16395,,1,1,4
13614,,1,1,4
13246,,1,1,4
14215,,1,1,4
15916,,1,1,4
16775,,1,1,4
16493,,1,1,4
13455,,1,1,4
13782,,1,1,4
12924,,1,1,4
13064,,1,1,4
13048,,1,1,4
13634,,1,1,4
14404,,1,1,4
16059,,1,1,4
17609,,1,1,4
13155,,1,1,4
12820,,1,1,4
13982,,1,1,4
15596,,1,1,4
17018,,1,1,4
14428,,1,1,4
12826,,1,1,4
13310,,1,1,4
14916,,1,1,4
17787,,1,1,4
17277,,1,1,4
14441,,1,1,4
18239,,1,1,4
15658,,1,1,4
16085,,1,1,4
13659,,1,1,4
14224,,1,1,4
17673,,1,1,4
16983,,1,1,4
14744,,1,1,4
15497,,1,1,4
13819,,1,1,4
18161,,1,1,4
13396,,1,1,4
14541,,1,1,4
13117,,1,1,4
13158,,1,1,4
14409,,1,1,4
15110,,1,1,4
12854,,1,1,4
14389,,1,1,4
17236,,1,1,4
13168,,1,1,4
15812,,1,1,4
14233,,1,1,4
16714,,1,1,4
15227,,1,1,4
12997,,1,1,4
16918,,1,1,4
16496,,1,1,4
17311,,1,1,4
15910,,1,1,4
16949,,1,1,4
14970,,1,1,4
14738,,1,1,4
18125,,1,1,4
13328,,1,1,4
15549,,1,1,4
15864,,1,1,4
15057,,1,1,4
13330,,1,1,4
12853,,1,1,4
13538,,1,1,4
16755,,1,1,4
15365,,1,1,4
15079,,1,1,4
18016,,1,1,4
14595,,1,1,4
17463,,1,1,4
14006,,1,1,4
15240,,1,1,4
17147,,1,1,4
16612,,1,1,4
17228,,1,1,4
16419,,1,1,4
15203,,1,1,4
16515,,1,1,4
18202,,1,1,4
16110,,1,1,4
13110,,1,1,4
14665,,1,1,4
14411,,1,1,4
13728,,1,1,4
13824,,1,1,4
15421,,1,1,4
14443,,1,1,4
16992,,1,1,4
18178,,1,1,4
14540,,1,1,4
13208,,1,1,4
16938,,1,1,4
13725,,1,1,4
13309,,1,1,4
12842,,1,1,4
15199,,1,1,4
17302,,1,1,4
17162,,1,1,4
17774,,1,1,4
15407,,1,1,4
16332,,1,1,4
14293,,1,1,4
16951,,1,1,4
17083,,1,1,4
17537,,1,1,4
14465,,1,1,4
12857,,1,1,4
16842,,1,1,4
14081,,1,1,4
15133,,1,1,4
17705,,1,1,4
13875,,1,1,4
17282,,1,1,4
17126,,1,1,4
16434,,1,1,4
14631,,1,1,4
12963,,1,1,4
13475,,1,1,4
13717,,1,1,4
13157,,1,1,4
17571,,1,1,4
16979,,1,1,4
15122,,1,1,4
13848,,1,1,4
17348,,1,1,4
14035,,1,1,4
14346,,1,1,4
16317,,1,1,4
14477,,1,1,4
14897,,1,1,4
15810,,1,1,4
15024,,1,1,4
13414,,1,1,4
12823,,1,1,4
17422,,1,1,4
17175,,1,1,4
13151,,1,1,4
13425,,1,1,4
13012,,1,1,4
16466,,1,1,4
16115,,1,1,4
13744,,1,1,4
17323,,1,1,4
13477,,1,1,4
16980,,1,1,4
15146,,1,1,4
13410,,1,1,4
13038,,1,1,4
17002,,1,1,4
16045,,1,1,4
16907,,1,1,4
13421,,1,1,4
13184,,1,1,4
14276,,1,1,4
17135,,1,1,4
15605,,1,1,4
16394,,1,1,4
14289,,1,1,4
15858,,1,1,4
17063,,1,1,4
13149,,1,1,4
16692,,1,1,4
13118,,1,1,4
16086,,1,1,4
15712,,1,1,4
17388,,1,1,4
16841,,1,1,4
17663,,1,1,4
14573,,1,1,4
13261,,1,1,4
13636,,1,1,4
13610,,1,1,4
14745,,1,1,4
15996,,1,1,4
13509,,1,1,4
14078,,1,1,4
14740,,1,1,4
15241,,1,1,4
15660,,1,1,4
16389,,1,1,4
15067,,1,1,4
16128,,1,1,4
17770,,1,1,4
15104,,1,1,4
17738,,1,1,4
16571,,1,1,4
17646,,1,1,4
17856,,1,1,4
13476,,1,1,4
17873,,1,1,4
13931,,1,1,4
15220,,1,1,4
14447,,1,1,4
15681,,1,1,4
14161,,1,1,4
16225,,1,1,4
14214,,1,1,4
14817,,1,1,4
17092,,1,1,4
15819,,1,1,4
16426,,1,1,4
14336,,1,1,4
14507,,1,1,4
15071,,1,1,4
13026,,1,1,4
16572,,1,1,4
15367,,1,1,4
14297,,1,1,4
14064,,1,1,4
16766,,1,1,4
14352,,1,1,4
13956,,1,1,4
16807,,1,1,4
13499,,1,1,4
15106,,1,1,4
16214,,1,1,4
12994,,1,1,4
16152,,1,1,4
16040,,1,1,4
15793,,1,1,4
12849,,1,1,4
18189,,1,1,4
13650,,1,1,4
12937,,1,1,4
16216,,1,1,4
16511,,1,1,4
13591,,1,1,4
17043,,1,1,4
15898,,1,1,4
14071,,1,1,4
16728,,1,1,4
12843,,1,1,4
14223,,1,1,4
13934,,1,1,4
14245,,1,1,4
17152,,1,1,4
14875,,1,1,4
15132,,1,1,4
16809,,1,1,4
13196,,1,1,4
15449,,1,1,4
17096,,1,1,4
15021,,1,1,4
17262,,1,1,4
14075,,1,1,4
17966,,1,1,4
14129,,1,1,4
14267,,1,1,4
14256,,1,1,4
17754,,1,1,4
14758,,1,1,4
13743,,1,1,4
15716,,1,1,4
15426,,1,1,4
13481,,1,1,4
13652,,1,1,4
16245,,1,1,4
17227,,1,1,4
18177,,1,1,4
15906,,1,1,4
15674,,1,1,4
17594,,1,1,4
16657,,1,1,4
16584,,1,1,4
15364,,1,1,4
16398,,1,1,4
16681,,1,1,4
13918,,1,1,4
15860,,1,1,4
14419,,1,1,4
18263,,1,1,4
17287,,1,1,4
14195,,1,1,4
17648,,1,1,4
16224,,1,1,4
17886,,1,1,4
15289,,1,1,4
14719,,1,1,4
16170,,1,1,4
17470,,1,1,4
15145,,1,1,4
15201,,1,1,4
14403,,1,1,4
17042,,1,1,4
13748,,1,1,4
15530,,1,1,4
13752,,1,1,4
14446,,1,1,4
14449,,1,1,4
13995,,1,1,4
14246,,1,1,4
13562,,1,1,4
17054,,1,1,4
13232,,1,1,4
16188,,1,1,4
15214,,1,1,4
15737,,1,1,4
18080,,1,1,4
13549,,1,1,4
13655,,1,1,4
13577,,1,1,4
16172,,1,1,4
16062,,1,1,4
13138,,1,1,4
15134,,1,1,4
13134,,1,1,4
13122,,1,1,4
16175,,1,1,4
14834,,1,1,4
16348,,1,1,4
15813,,1,1,4
17058,,1,1,4
13772,,1,1,4
16249,,1,1,4
16520,,1,1,4
13989,,1,1,4
17930,,1,1,4
14154,,1,1,4
14105,,1,1,4
13516,,1,1,4
15027,,1,1,4
15985,,1,1,4
15172,,1,1,4
13692,,1,1,4
15745,,1,1,4
17320,,1,1,4
16639,,1,1,4
15265,,1,1,4
15625,,1,1,4
15508,,1,1,4
13647,,1,1,4
15594,,1,1,4
13376,,1,1,4
13719,,1,1,4
15436,,1,1,4
15260,,1,1,4
16103,,1,1,4
17588,,1,1,4
14759,,1,1,4
16942,,1,1,4
15237,,1,1,4
16016,,1,1,4
16637,,1,1,4
14973,,1,1,4
17720,,1,1,4
16370,,1,1,4
15376,,1,1,4
14655,,1,1,4
13282,,1,1,4
12886,,1,1,4
15128,,1,1,4
15987,,1,1,4
14948,,1,1,4
17522,,1,1,4
13867,,1,1,4
18235,,1,1,4
18170,,1,1,4
18142,,1,1,4
15117,,1,1,4
16007,,1,1,4
16232,,1,1,4
17410,,1,1,4
13055,,1,1,4
13320,,1,1,4
15865,,1,1,4
14591,,1,1,4
16229,,1,1,4
14920,,1,1,4
14649,,1,1,4
16244,,1,1,4
15489,,1,1,4
16184,,1,1,4
17932,,1,1,4
18221,,1,1,4
17671,,1,1,4
15826,,1,1,4
15907,,1,1,4
15333,,1,1,4
16283,,1,1,4
14038,,1,1,4
13456,,1,1,4
15730,,1,1,4
17702,,1,1,4
17505,,1,1,4
14583,,1,1,4
13572,,1,1,4
13192,,1,1,4
16987,,1,1,4
17047,,1,1,4
15116,,1,1,4
17469,,1,1,4
15630,,1,1,4
16813,,1,1,4
14859,,1,1,4
16463,,1,1,4
15791,,1,1,4
13308,,1,1,4
15095,,1,1,4
18287,,1,1,4
14837,,1,1,4
14921,,1,1,4
15434,,1,1,4
15734,,1,1,4
13213,,1,1,4
14522,,1,1,4
14584,,1,1,4
16369,,1,1,4
15192,,1,1,4
16880,,1,1,4
13131,,1,1,4
16682,,1,1,4
15453,,1,1,4
17015,,1,1,4
14561,,1,1,4
15238,,1,1,4
13510,,1,1,4
14963,,1,1,4
15267,,1,1,4
15411,,1,1,4
14178,,1,1,4
17242,,1,1,4
17289,,1,1,4
14704,,1,1,4
16794,,1,1,4
17802,,1,1,4
13761,,1,1,4
15069,,1,1,4
17101,,1,1,4
17490,,1,1,4
17193,,1,1,4
14285,,1,1,4
17562,,1,1,4
16744,,1,1,4
15747,,1,1,4
17159,,1,1,4
15329,,1,1,4
13763,,1,1,4
13849,,1,1,4
12919,,1,1,4
15253,,1,1,4
13791,,1,1,4
16671,,1,1,4
17750,,1,1,4
16200,,1,1,4
17997,,1,1,4
14383,,1,1,4
13461,,1,1,4
17837,,1,1,4
16009,,1,1,4
16929,,1,1,4
14459,,1,1,4
13486,,1,1,4
16012,,1,1,4
14918,,1,1,4
17353,,1,1,4
16174,,1,1,4
16989,,1,1,4
18122,,1,1,4
17405,,1,1,4
15051,,1,1,4
14857,,1,1,4
15306,,1,1,4
15839,,1,1,4
15004,,1,1,4
16474,,1,1,4
16762,,1,1,4
18180,,1,1,4
16464,,1,1,4
18143,,1,1,4
15380,,1,1,4
15506,,1,1,4
17724,,1,1,4
14019,,1,1,4
14775,,1,1,4
14305,,1,1,4
17870,,1,1,4
18237,,1,1,4
14511,,1,1,4
17676,,1,1,4
14567,,1,1,4
12828,,1,1,4
17553,,1,1,4
13075,,1,1,4
17788,,1,1,4
13850,,1,1,4
13805,,1,1,4
13186,,1,1,4
17656,,1,1,4
16102,,1,1,4
17584,,1,1,4
16950,,1,1,4
16066,,1,1,4
12885,,1,1,4
13500,,1,1,4
16053,,1,1,4
14116,,1,1,4
15494,,1,1,4
15608,,1,1,4
17653,,1,1,4
16902,,1,1,4
15706,,1,1,4
13159,,1,1,4
14712,,1,1,4
15701,,1,1,4
15801,,1,1,4
16201,,1,1,4
14387,,1,1,4
17073,,1,1,4
18167,,1,1,4
17451,,1,1,4
13726,,1,1,4
16173,,1,1,4
13808,,1,1,4
15136,,1,1,4
17481,,1,1,4
17004,,1,1,4
13823,,1,1,4
14824,,1,1,4
16910,,1,1,4
14212,,1,1,4
14250,,1,1,4
14487,,1,1,4
13431,,1,1,4
17919,,1,1,4
17037,,1,1,4
12822,,1,1,4
13032,,1,1,4
13860,,1,1,4
15933,,1,1,4
15707,,1,1,4
16160,,1,1,4
15511,,1,1,4
17144,,1,1,4
15947,,1,1,4
18194,,1,1,4
15500,,1,1,4
14164,,1,1,4
13350,,1,1,4
14887,,1,1,4
15351,,1,1,4
14261,,1,1,4
12936,,1,1,4
16669,,1,1,4
15398,,1,1,4
12952,,1,1,4
15763,,1,1,4
15807,,1,1,4
15978,,1,1,4
16169,,1,1,4
16049,,1,1,4
13429,,1,1,4
13639,,1,1,4
13924,,1,1,4
14434,,1,1,4
18192,,1,1,4
16361,,1,1,4
15050,,1,1,4
16653,,1,1,4
17813,,1,1,4
17552,,1,1,4
16101,,1,1,4
16533,,1,1,4
14488,,1,1,4
13635,,1,1,4
15088,,1,1,4
15111,,1,1,4
16295,,1,1,4
13882,,1,1,4
14138,,1,1,4
18096,,1,1,4
13689,,1,1,4
15787,,1,1,4
16380,,1,1,4
15473,,1,1,4
16688,,1,1,4
15211,,1,1,4
16120,,1,1,4
13853,,1,1,4
18130,,1,1,4
14856,,1,1,4
15478,,1,1,4
16416,,1,1,4
13878,,1,1,4
16934,,1,1,4
16563,,1,1,4
17244,,1,1,4
14015,,1,1,4
14698,,1,1,4
17350,,1,1,4
15814,,1,1,4
16260,,1,1,4
17354,,1,1,4
15427,,1,1,4
15022,,1,1,4
14629,,1,1,4
14102,,1,1,4
15948,,1,1,4
13363,,1,1,4
14971,,1,1,4
12912,,1,1,4
16079,,1,1,4
15680,,1,1,4
17590,,1,1,4
15444,,1,1,4
15977,,1,1,4
14216,,1,1,4
16790,,1,1,4
15576,,1,1,4
14673,,1,1,4
13467,,1,1,4
13447,,1,1,4
12882,,1,1,4
15156,,1,1,4
14140,,1,1,4
16751,,1,1,4
16986,,1,1,4
17500,,1,1,4
17197,,1,1,4
12985,,1,1,4
15654,,1,1,4
14904,,1,1,4
17566,,1,1,4
15009,,1,1,4
12950,,1,1,4
15621,,1,1,4
17100,,1,1,4
16376,,1,1,4
17727,,1,1,4
14893,,1,1,4
16800,,1,1,4
13521,,1,1,4
15100,201012.0,1,1,3
18074,201012.0,1,1,3
17420,201012.0,1,1,3
13705,201012.0,1,1,3
15862,201012.0,1,1,3
12838,201012.0,1,1,3
18085,201012.0,1,1,3
17897,201012.0,1,1,3
15525,201012.0,1,1,3
17905,201012.0,1,1,3
16955,201012.0,1,1,3
15165,201012.0,1,1,3
14496,201101.0,1,1,3
16916,201102.0,1,1,3
17964,201102.0,1,1,3
17235,201102.0,1,1,3
16203,201102.0,1,1,3
15574,201102.0,1,1,3
16770,201102.0,1,1,3
14829,201102.0,1,1,3
13402,201102.0,1,1,3
14625,201103.0,1,1,3
15384,201103.0,1,1,3
13145,201103.0,1,1,3
14236,201103.0,1,1,3
13370,201103.0,1,1,3
16891,201103.0,1,1,3
17884,201103.0,1,1,3
16140,201104.0,1,1,3
17198,201104.0,1,1,3
14396,201104.0,1,1,3
16725,201104.0,1,1,3
13838,201104.0,1,1,3
15038,201104.0,1,1,3
17062,201104.0,1,1,3
17796,201104.0,1,1,3
18156,201104.0,1,1,3
13959,,1,1,3
16927,,1,1,3
17990,,1,1,3
17179,,1,1,3
17890,,1,1,3
14625,,1,1,3
14829,,1,1,3
14176,,1,1,3
13329,,1,1,3
16863,,1,1,3
16442,,1,1,3
17526,,1,1,3
16955,,1,1,3
15181,,1,1,3
14871,,1,1,3
16812,,1,1,3
13238,,1,1,3
13846,,1,1,3
14150,,1,1,3
13496,,1,1,3
17454,,1,1,3
15384,,1,1,3
13221,,1,1,3
14201,,1,1,3
17692,,1,1,3
15822,,1,1,3
16134,,1,1,3
17980,,1,1,3
16725,,1,1,3
15246,,1,1,3
16037,,1,1,3
16470,,1,1,3
17062,,1,1,3
17146,,1,1,3
15574,,1,1,3
15100,,1,1,3
16560,,1,1,3
16770,,1,1,3
15366,,1,1,3
14344,,1,1,3
14643,,1,1,3
15197,,1,1,3
14220,,1,1,3
13874,,1,1,3
15780,,1,1,3
17888,,1,1,3
17007,,1,1,3
16885,,1,1,3
12944,,1,1,3
13564,,1,1,3
15208,,1,1,3
13487,,1,1,3
17905,,1,1,3
13963,,1,1,3
15164,,1,1,3
14553,,1,1,3
16600,,1,1,3
18062,,1,1,3
14618,,1,1,3
13368,,1,1,3
13280,,1,1,3
16306,,1,1,3
16567,,1,1,3
15649,,1,1,3
13233,,1,1,3
14672,,1,1,3
14867,,1,1,3
17796,,1,1,3
17114,,1,1,3
17555,,1,1,3
15799,,1,1,3
17849,,1,1,3
16122,,1,1,3
16203,,1,1,3
18095,,1,1,3
16235,,1,1,3
14270,,1,1,3
16554,,1,1,3
14715,,1,1,3
14167,,1,1,3
17048,,1,1,3
18085,,1,1,3
13385,,1,1,3
15626,,1,1,3
16206,,1,1,3
17064,,1,1,3
12872,,1,1,3
14976,,1,1,3
13929,,1,1,3
14657,,1,1,3
16997,,1,1,3
13984,,1,1,3
15831,,1,1,3
17418,,1,1,3
16892,,1,1,3
14770,,1,1,3
14692,,1,1,3
14450,,1,1,3
18136,,1,1,3
16660,,1,1,3
16730,,1,1,3
14130,,1,1,3
15222,,1,1,3
15339,,1,1,3
16222,,1,1,3
16943,,1,1,3
17515,,1,1,3
13049,,1,1,3
14548,,1,1,3
13405,,1,1,3
16043,,1,1,3
17075,,1,1,3
17027,,1,1,3
15215,,1,1,3
16882,,1,1,3
17540,,1,1,3
14662,,1,1,3
17180,,1,1,3
14133,,1,1,3
13707,,1,1,3
17329,,1,1,3
14805,,1,1,3
15415,,1,1,3
15448,,1,1,3
17373,,1,1,3
14467,,1,1,3
14496,,1,1,3
17884,,1,1,3
13939,,1,1,3
17560,,1,1,3
14127,,1,1,3
13894,,1,1,3
18017,,1,1,3
14044,,1,1,3
13800,,1,1,3
13539,,1,1,3
17507,,1,1,3
17929,,1,1,3
14778,,1,1,3
16109,,1,1,3
17291,,1,1,3
17105,,1,1,3
14475,,1,1,3
16027,,1,1,3
15550,,1,1,3
18159,,1,1,3
17472,,1,1,3
14644,,1,1,3
13893,,1,1,3
13623,,1,1,3
16431,,1,1,3
14609,,1,1,3
16494,,1,1,3
14959,,1,1,3
14754,,1,1,3
13799,,1,1,3
13951,,1,1,3
16566,,1,1,3
13301,,1,1,3
14803,,1,1,3
12988,,1,1,3
17361,,1,1,3
13044,,1,1,3
16014,,1,1,3
17994,,1,1,3
15303,,1,1,3
16573,,1,1,3
18196,,1,1,3
13077,,1,1,3
18151,,1,1,3
17499,,1,1,3
13865,,1,1,3
16208,,1,1,3
14231,,1,1,3
17867,,1,1,3
14880,,1,1,3
16072,,1,1,3
16838,,1,1,3
17034,,1,1,3
13753,,1,1,3
14481,,1,1,3
15990,,1,1,3
14147,,1,1,3
15951,,1,1,3
17516,,1,1,3
14036,,1,1,3
13675,,1,1,3
16667,,1,1,3
13292,,1,1,3
15656,,1,1,3
16518,,1,1,3
17462,,1,1,3
16915,,1,1,3
12933,,1,1,3
16212,,1,1,3
13884,,1,1,3
15643,,1,1,3
15031,,1,1,3
15636,,1,1,3
15304,,1,1,3
15053,,1,1,3
18218,,1,1,3
17374,,1,1,3
13557,,1,1,3
16449,,1,1,3
15400,,1,1,3
14499,,1,1,3
18211,,1,1,3
14504,,1,1,3
16136,,1,1,3
16621,,1,1,3
15026,,1,1,3
15806,,1,1,3
16495,,1,1,3
14013,,1,1,3
14645,,1,1,3
16221,,1,1,3
17864,,1,1,3
18183,,1,1,3
14603,,1,1,3
14077,,1,1,3
17076,,1,1,3
16475,,1,1,3
18149,,1,1,3
16801,,1,1,3
13043,,1,1,3
17351,,1,1,3
16693,,1,1,3
13452,,1,1,3
16005,,1,1,3
16804,,1,1,3
14193,,1,1,3
14636,,1,1,3
15182,,1,1,3
16383,,1,1,3
15381,,1,1,3
15030,,1,1,3
13946,,1,1,3
16377,,1,1,3
15648,,1,1,3
16256,,1,1,3
17921,,1,1,3
16023,,1,1,3
12878,,1,1,3
13046,,1,1,3
16444,,1,1,3
15452,,1,1,3
15669,,1,1,3
16384,,1,1,3
15855,,1,1,3
16036,,1,1,3
13900,,1,1,3
16135,,1,1,3
14377,,1,1,3
16374,,1,1,3
17733,,1,1,3
16859,,1,1,3
17411,,1,1,3
13249,,1,1,3
15644,,1,1,3
15651,,1,1,3
13035,,1,1,3
13341,,1,1,3
13736,,1,1,3
16022,,1,1,3
13000,,1,1,3
17979,,1,1,3
13662,,1,1,3
15045,,1,1,3
13357,,1,1,3
13240,,1,1,3
15624,,1,1,3
17749,,1,1,3
15068,,1,1,3
14851,,1,1,3
14021,,1,1,3
13037,,1,1,3
14128,,1,1,3
17874,,1,1,3
17398,,1,1,3
13720,,1,1,3
17616,,1,1,3
15353,,1,1,3
16788,,1,1,3
15832,,1,1,3
16092,,1,1,3
14790,,1,1,3
14818,,1,1,3
16960,,1,1,3
13169,,1,1,3
14023,,1,1,3
16142,,1,1,3
13294,,1,1,3
15756,,1,1,3
16586,,1,1,3
15442,,1,1,3
16906,,1,1,3
15244,,1,1,3
16696,,1,1,3
13525,,1,1,3
17409,,1,1,3
13515,,1,1,3
17140,,1,1,3
16031,,1,1,3
13731,,1,1,3
13950,,1,1,3
13892,,1,1,3
15800,,1,1,3
16469,,1,1,3
13005,,1,1,3
16261,,1,1,3
17883,,1,1,3
16643,,1,1,3
16325,,1,1,3
15109,,1,1,3
14958,,1,1,3
17268,,1,1,3
13548,,1,1,3
15038,,1,1,3
15655,,1,1,3
14273,,1,1,3
15414,,1,1,3
13203,,1,1,3
14628,,1,1,3
14111,,1,1,3
18236,,1,1,3
16309,,1,1,3
15147,,1,1,3
17704,,1,1,3
16933,,1,1,3
14198,,1,1,3
17142,,1,1,3
16806,,1,1,3
14323,,1,1,3
17029,,1,1,3
13220,,1,1,3
14623,,1,1,3
18064,,1,1,3
16654,,1,1,3
14152,,1,1,3
17734,,1,1,3
14905,,1,1,3
18246,,1,1,3
17115,,1,1,3
14577,,1,1,3
16185,,1,1,3
13389,,1,1,3
17631,,1,1,3
17630,,1,1,3
16146,,1,1,3
17109,,1,1,3
16750,,1,1,3
15891,,1,1,3
13637,,1,1,3
16418,,1,1,3
16099,,1,1,3
15768,,1,1,3
14240,,1,1,3
15952,,1,1,3
15582,,1,1,3
16230,,1,1,3
17974,,1,1,3
13524,,1,1,3
17955,,1,1,3
17429,,1,1,3
17527,,1,1,3
13888,,1,1,3
17624,,1,1,3
17423,,1,1,3
15757,,1,1,3
13741,,1,1,3
15258,,1,1,3
15561,,1,1,3
16121,,1,1,3
13835,,1,1,3
13427,,1,1,3
16357,,1,1,3
16644,,1,1,3
18133,,1,1,3
17664,,1,1,3
14883,,1,1,3
12976,,1,1,3
14681,,1,1,3
14421,,1,1,3
16116,,1,1,3
14853,,1,1,3
17658,,1,1,3
17764,,1,1,3
14651,,1,1,3
14000,,1,1,3
13601,,1,1,3
17970,,1,1,3
14342,,1,1,3
14873,,1,1,3
15081,,1,1,3
16877,,1,1,3
16642,,1,1,3
14489,,1,1,3
16139,,1,1,3
18043,,1,1,3
16266,,1,1,3
14009,,1,1,3
13258,,1,1,3
14463,,1,1,3
13417,,1,1,3
13531,,1,1,3
14896,,1,1,3
16008,,1,1,3
15599,,1,1,3
15862,,1,1,3
13243,,1,1,3
18150,,1,1,3
13339,,1,1,3
13885,,1,1,3
13546,,1,1,3
18160,,1,1,3
17521,,1,1,3
12863,,1,1,3
14593,,1,1,3
15882,,1,1,3
16763,,1,1,3
12942,,1,1,3
12987,,1,1,3
16624,,1,1,3
18232,,1,1,3
17345,,1,1,3
16275,,1,1,3
14338,,1,1,3
15402,,1,1,3
14451,,1,1,3
16969,,1,1,3
14597,,1,1,3
18135,,1,1,3
13248,,1,1,3
14891,,1,1,3
15349,,1,1,3
15073,,1,1,3
16298,,1,1,3
18248,,1,1,3
16825,,1,1,3
13643,,1,1,3
15969,,1,1,3
15743,,1,1,3
17414,,1,1,3
16872,,1,1,3
17360,,1,1,3
17169,,1,1,3
15252,,1,1,3
17731,,1,1,3
15679,,1,1,3
17797,,1,1,3
16614,,1,1,3
15098,,1,1,3
17265,,1,1,3
13617,,1,1,3
14177,,1,1,3
16205,,1,1,3
15036,,1,1,3
16774,,1,1,3
14997,,1,1,3
14222,,1,1,3
16276,,1,1,3
17642,,1,1,3
13575,,1,1,3
16869,,1,1,3
14820,,1,1,3
15700,,1,1,3
17299,,1,1,3
15076,,1,1,3
17897,,1,1,3
12904,,1,1,3
15825,,1,1,3
15389,,1,1,3
15507,,1,1,3
18252,,1,1,3
17695,,1,1,3
17420,,1,1,3
17759,,1,1,3
17391,,1,1,3
15584,,1,1,3
13730,,1,1,3
17312,,1,1,3
16385,,1,1,3
18265,,1,1,3
14034,,1,1,3
16616,,1,1,3
17046,,1,1,3
13109,,1,1,3
17341,,1,1,3
14002,,1,1,3
13583,,1,1,3
13681,,1,1,3
18121,,1,1,3
15467,,1,1,3
13311,,1,1,3
15795,,1,1,3
14400,,1,1,3
14862,,1,1,3
16488,,1,1,3
13933,,1,1,3
17259,,1,1,3
14332,,1,1,3
16054,,1,1,3
13705,,1,1,3
13940,,1,1,3
14029,,1,1,3
13167,,1,1,3
17779,,1,1,3
13991,,1,1,3
16891,,1,1,3
15829,,1,1,3
15232,,1,1,3
13563,,1,1,3
17703,,1,1,3
13116,,1,1,3
17649,,1,1,3
16364,,1,1,3
15618,,1,1,3
13379,,1,1,3
14855,,1,1,3
13925,,1,1,3
15149,,1,1,3
13928,,1,1,3
14885,,1,1,3
13388,,1,1,3
17053,,1,1,3
13023,,1,1,3
12917,,1,1,3
13402,,1,1,3
15205,,1,1,3
13145,,1,1,3
14720,,1,1,3
13200,,1,1,3
17298,,1,1,3
13016,,1,1,3
13355,,1,1,3
15469,,1,1,3
13838,,1,1,3
14301,,1,1,3
17958,,1,1,3
15315,,1,1,3
15653,,1,1,3
17637,,1,1,3
16734,,1,1,3
16706,,1,1,3
12991,,1,1,3
14529,,1,1,3
16536,,1,1,3
16723,,1,1,3
16340,,1,1,3
13236,,1,1,3
14687,,1,1,3
14050,,1,1,3
14055,,1,1,3
14141,,1,1,3
15074,,1,1,3
14869,,1,1,3
14108,,1,1,3
17777,,1,1,3
16278,,1,1,3
13276,,1,1,3
13147,,1,1,3
13434,,1,1,3
14965,,1,1,3
16820,,1,1,3
12879,,1,1,3
16603,,1,1,3
16362,,1,1,3
12883,,1,1,3
12965,,1,1,3
15533,,1,1,3
13375,,1,1,3
16211,,1,1,3
16141,,1,1,3
14020,,1,1,3
14359,,1,1,3
12940,,1,1,3
14753,,1,1,3
17640,,1,1,3
14284,,1,1,3
15103,,1,1,3
13430,,1,1,3
13321,,1,1,3
15272,,1,1,3
15322,,1,1,3
17333,,1,1,3
13518,,1,1,3
15573,,1,1,3
14894,,1,1,3
15417,,1,1,3
16108,,1,1,3
16924,,1,1,3
13323,,1,1,3
13247,,1,1,3
13566,,1,1,3
16438,,1,1,3
16460,,1,1,3
13325,,1,1,3
17557,,1,1,3
14356,,1,1,3
13416,,1,1,3
14236,,1,1,3
13356,,1,1,3
18228,,1,1,3
17415,,1,1,3
15399,,1,1,3
17466,,1,1,3
15239,,1,1,3
15571,,1,1,3
17480,,1,1,3
15075,,1,1,3
14014,,1,1,3
13336,,1,1,3
15762,,1,1,3
16480,,1,1,3
17006,,1,1,3
13390,,1,1,3
12925,,1,1,3
18205,,1,1,3
17674,,1,1,3
15492,,1,1,3
15344,,1,1,3
16999,,1,1,3
13314,,1,1,3
17805,,1,1,3
13979,,1,1,3
15568,,1,1,3
14412,,1,1,3
16157,,1,1,3
17950,,1,1,3
17513,,1,1,3
16650,,1,1,3
17447,,1,1,3
13354,,1,1,3
13759,,1,1,3
16268,,1,1,3
18217,,1,1,3
15287,,1,1,3
16613,,1,1,3
13558,,1,1,3
16747,,1,1,3
17321,,1,1,3
14815,,1,1,3
15091,,1,1,3
17014,,1,1,3
15255,,1,1,3
17666,,1,1,3
16140,,1,1,3
16020,,1,1,3
14396,,1,1,3
14317,,1,1,3
17295,,1,1,3
17453,,1,1,3
15300,,1,1,3
14592,,1,1,3
15297,,1,1,3
13260,,1,1,3
15821,,1,1,3
13212,,1,1,3
15193,,1,1,3
17425,,1,1,3
15330,,1,1,3
17459,,1,1,3
16561,,1,1,3
17119,,1,1,3
14710,,1,1,3
17934,,1,1,3
13464,,1,1,3
14234,,1,1,3
13034,,1,1,3
17520,,1,1,3
15066,,1,1,3
14179,,1,1,3
15006,,1,1,3
14923,,1,1,3
16284,,1,1,3
14967,,1,1,3
16015,,1,1,3
16311,,1,1,3
15677,,1,1,3
15000,,1,1,3
16491,,1,1,3
15142,,1,1,3
14474,,1,1,3
13176,,1,1,3
16708,,1,1,3
15963,,1,1,3
13028,,1,1,3
16056,,1,1,3
14539,,1,1,3
14550,,1,1,3
17712,,1,1,3
16345,,1,1,3
17545,,1,1,3
16513,,1,1,3
18035,,1,1,3
16164,,1,1,3
15028,,1,1,3
14416,,1,1,3
13278,,1,1,3
14158,,1,1,3
13822,,1,1,3
13607,,1,1,3
16127,,1,1,3
17503,,1,1,3
17495,,1,1,3
17812,,1,1,3
16352,,1,1,3
15830,,1,1,3
15275,,1,1,3
16367,,1,1,3
13318,,1,1,3
18104,,1,1,3
16347,,1,1,3
13721,,1,1,3
16602,,1,1,3
13914,,1,1,3
18022,,1,1,3
14882,,1,1,3
17387,,1,1,3
12838,,1,1,3
13040,,1,1,3
14664,,1,1,3
17761,,1,1,3
17623,,1,1,3
16070,,1,1,3
16732,,1,1,3
17964,,1,1,3
16505,,1,1,3
18123,,1,1,3
15043,,1,1,3
18216,,1,1,3
16759,,1,1,3
17461,,1,1,3
17502,,1,1,3
15965,,1,1,3
15557,,1,1,3
16368,,1,1,3
13732,,1,1,3
14788,,1,1,3
14382,,1,1,3
18082,,1,1,3
16504,,1,1,3
17235,,1,1,3
14725,,1,1,3
15720,,1,1,3
17198,,1,1,3
16916,,1,1,3
12847,,1,1,3
17397,,1,1,3
17985,,1,1,3
15919,,1,1,3
17523,,1,1,3
15645,,1,1,3
15274,,1,1,3
15525,,1,1,3
16811,,1,1,3
14675,,1,1,3
17290,,1,1,3
14756,,1,1,3
13579,,1,1,3
13596,,1,1,3
18156,,1,1,3
15721,,1,1,3
17806,,1,1,3
13030,,1,1,3
14126,,1,1,3
15539,,1,1,3
13153,,1,1,3
15773,,1,1,3
16535,,1,1,3
15471,,1,1,3
16250,201012.0,1,1,2
17908,201012.0,1,1,2
13255,201012.0,1,1,2
17968,201012.0,1,1,2
16552,201012.0,1,1,2
14729,201012.0,1,1,2
15012,201012.0,1,1,2
15922,201012.0,1,1,2
14594,201012.0,1,1,2
17760,201101.0,1,1,2
16048,201101.0,1,1,2
16274,201101.0,1,1,2
17025,201101.0,1,1,2
17460,201101.0,1,1,2
14142,201101.0,1,1,2
17732,201101.0,1,1,2
17925,201101.0,1,1,2
13108,201101.0,1,1,2
14491,201102.0,1,1,2
15363,201102.0,1,1,2
12915,201102.0,1,1,2
15922,201102.0,1,1,2
16510,201102.0,1,1,2
15107,201102.0,1,1,2
17976,201102.0,1,1,2
16781,201102.0,1,1,2
15732,201102.0,1,1,2
17460,201102.0,1,1,2
15646,201102.0,1,1,2
14264,201103.0,1,1,2
16883,201103.0,1,1,2
15545,201104.0,1,1,2
13506,201104.0,1,1,2
17917,,1,1,2
16010,,1,1,2
15224,,1,1,2
15361,,1,1,2
15689,,1,1,2
15881,,1,1,2
17303,,1,1,2
17375,,1,1,2
17371,,1,1,2
16499,,1,1,2
14206,,1,1,2
16202,,1,1,2
15468,,1,1,2
16810,,1,1,2
15713,,1,1,2
17194,,1,1,2
16805,,1,1,2
15107,,1,1,2
12829,,1,1,2
17912,,1,1,2
16233,,1,1,2
17525,,1,1,2
13092,,1,1,2
15101,,1,1,2
17551,,1,1,2
15535,,1,1,2
15456,,1,1,2
15664,,1,1,2
17189,,1,1,2
17496,,1,1,2
15789,,1,1,2
15759,,1,1,2
18176,,1,1,2
16816,,1,1,2
17691,,1,1,2
17392,,1,1,2
14985,,1,1,2
15204,,1,1,2
17913,,1,1,2
17358,,1,1,2
15279,,1,1,2
13369,,1,1,2
17239,,1,1,2
13304,,1,1,2
15661,,1,1,2
13656,,1,1,2
16473,,1,1,2
14761,,1,1,2
16850,,1,1,2
15326,,1,1,2
13473,,1,1,2
14320,,1,1,2
17742,,1,1,2
15346,,1,1,2
16034,,1,1,2
17569,,1,1,2
16500,,1,1,2
18190,,1,1,2
14114,,1,1,2
15510,,1,1,2
15213,,1,1,2
18106,,1,1,2
16593,,1,1,2
18212,,1,1,2
18233,,1,1,2
14242,,1,1,2
16948,,1,1,2
17708,,1,1,2
13502,,1,1,2
14784,,1,1,2
15938,,1,1,2
14779,,1,1,2
17862,,1,1,2
17771,,1,1,2
17094,,1,1,2
12970,,1,1,2
14068,,1,1,2
13068,,1,1,2
13615,,1,1,2
15967,,1,1,2
17460,,1,1,2
14248,,1,1,2
13837,,1,1,2
14616,,1,1,2
17786,,1,1,2
13754,,1,1,2
13506,,1,1,2
15579,,1,1,2
17431,,1,1,2
12908,,1,1,2
17604,,1,1,2
14850,,1,1,2
13606,,1,1,2
13494,,1,1,2
17035,,1,1,2
14549,,1,1,2
16716,,1,1,2
15589,,1,1,2
14460,,1,1,2
16378,,1,1,2
18250,,1,1,2
12990,,1,1,2
17223,,1,1,2
13873,,1,1,2
17362,,1,1,2
16030,,1,1,2
15885,,1,1,2
14497,,1,1,2
17334,,1,1,2
17226,,1,1,2
15090,,1,1,2
15781,,1,1,2
14600,,1,1,2
13955,,1,1,2
15577,,1,1,2
14048,,1,1,2
16998,,1,1,2
15970,,1,1,2
13706,,1,1,2
14431,,1,1,2
15809,,1,1,2
16425,,1,1,2
14555,,1,1,2
15406,,1,1,2
13171,,1,1,2
17255,,1,1,2
16084,,1,1,2
15236,,1,1,2
12993,,1,1,2
16509,,1,1,2
13718,,1,1,2
13085,,1,1,2
14379,,1,1,2
12852,,1,1,2
13489,,1,1,2
13904,,1,1,2
13932,,1,1,2
12891,,1,1,2
14162,,1,1,2
18155,,1,1,2
16441,,1,1,2
14520,,1,1,2
12845,,1,1,2
13453,,1,1,2
17711,,1,1,2
14513,,1,1,2
17830,,1,1,2
15121,,1,1,2
12945,,1,1,2
18056,,1,1,2
13751,,1,1,2
15847,,1,1,2
13345,,1,1,2
14470,,1,1,2
13973,,1,1,2
14157,,1,1,2
16668,,1,1,2
14620,,1,1,2
15092,,1,1,2
14656,,1,1,2
13166,,1,1,2
13497,,1,1,2
12834,,1,1,2
12873,,1,1,2
16217,,1,1,2
16957,,1,1,2
15087,,1,1,2
16159,,1,1,2
14670,,1,1,2
15675,,1,1,2
14915,,1,1,2
14012,,1,1,2
17817,,1,1,2
15944,,1,1,2
16917,,1,1,2
15206,,1,1,2
12881,,1,1,2
17138,,1,1,2
13899,,1,1,2
16625,,1,1,2
15308,,1,1,2
14350,,1,1,2
14727,,1,1,2
16778,,1,1,2
16808,,1,1,2
16768,,1,1,2
13708,,1,1,2
15918,,1,1,2
15047,,1,1,2
17080,,1,1,2
13121,,1,1,2
16297,,1,1,2
13358,,1,1,2
13216,,1,1,2
13533,,1,1,2
15433,,1,1,2
16976,,1,1,2
15695,,1,1,2
15019,,1,1,2
14633,,1,1,2
17134,,1,1,2
17795,,1,1,2
16402,,1,1,2
16096,,1,1,2
13592,,1,1,2
15408,,1,1,2
14762,,1,1,2
17678,,1,1,2
16721,,1,1,2
13239,,1,1,2
14870,,1,1,2
13821,,1,1,2
17486,,1,1,2
16250,,1,1,2
17250,,1,1,2
13512,,1,1,2
16769,,1,1,2
16063,,1,1,2
14348,,1,1,2
18078,,1,1,2
16780,,1,1,2
18071,,1,1,2
13649,,1,1,2
17765,,1,1,2
13760,,1,1,2
14538,,1,1,2
17931,,1,1,2
13803,,1,1,2
13439,,1,1,2
12888,,1,1,2
15424,,1,1,2
18108,,1,1,2
14272,,1,1,2
14479,,1,1,2
17438,,1,1,2
13060,,1,1,2
16386,,1,1,2
15894,,1,1,2
13573,,1,1,2
14886,,1,1,2
15018,,1,1,2
13626,,1,1,2
17701,,1,1,2
15223,,1,1,2
18185,,1,1,2
14747,,1,1,2
16105,,1,1,2
17492,,1,1,2
17783,,1,1,2
13863,,1,1,2
17045,,1,1,2
15646,,1,1,2
15754,,1,1,2
17869,,1,1,2
14619,,1,1,2
18040,,1,1,2
15119,,1,1,2
14924,,1,1,2
12999,,1,1,2
18036,,1,1,2
14264,,1,1,2
17550,,1,1,2
16552,,1,1,2
14339,,1,1,2
12982,,1,1,2
15935,,1,1,2
17278,,1,1,2
15363,,1,1,2
14998,,1,1,2
13484,,1,1,2
13740,,1,1,2
15230,,1,1,2
13544,,1,1,2
16193,,1,1,2
17697,,1,1,2
16947,,1,1,2
16226,,1,1,2
18009,,1,1,2
16399,,1,1,2
13479,,1,1,2
15225,,1,1,2
13485,,1,1,2
15517,,1,1,2
17120,,1,1,2
15912,,1,1,2
16163,,1,1,2
14512,,1,1,2
16834,,1,1,2
16823,,1,1,2
17854,,1,1,2
18220,,1,1,2
15143,,1,1,2
16227,,1,1,2
14022,,1,1,2
15210,,1,1,2
17615,,1,1,2
14149,,1,1,2
17501,,1,1,2
15048,,1,1,2
15976,,1,1,2
14173,,1,1,2
17384,,1,1,2
13711,,1,1,2
14423,,1,1,2
16319,,1,1,2
13642,,1,1,2
13242,,1,1,2
14288,,1,1,2
15063,,1,1,2
13990,,1,1,2
17489,,1,1,2
13404,,1,1,2
14731,,1,1,2
13052,,1,1,2
15732,,1,1,2
14988,,1,1,2
15440,,1,1,2
12871,,1,1,2
14888,,1,1,2
17190,,1,1,2
13976,,1,1,2
13529,,1,1,2
13887,,1,1,2
17926,,1,1,2
13856,,1,1,2
16038,,1,1,2
13227,,1,1,2
13657,,1,1,2
17176,,1,1,2
14647,,1,1,2
17715,,1,1,2
13737,,1,1,2
15314,,1,1,2
16091,,1,1,2
14816,,1,1,2
14823,,1,1,2
17051,,1,1,2
13398,,1,1,2
14819,,1,1,2
15163,,1,1,2
13917,,1,1,2
13062,,1,1,2
16484,,1,1,2
15184,,1,1,2
16529,,1,1,2
17531,,1,1,2
16239,,1,1,2
14500,,1,1,2
16967,,1,1,2
15405,,1,1,2
16883,,1,1,2
15386,,1,1,2
17252,,1,1,2
14375,,1,1,2
17124,,1,1,2
13395,,1,1,2
14622,,1,1,2
15609,,1,1,2
13466,,1,1,2
17483,,1,1,2
16018,,1,1,2
13936,,1,1,2
16342,,1,1,2
13589,,1,1,2
17579,,1,1,2
17155,,1,1,2
13343,,1,1,2
18165,,1,1,2
16898,,1,1,2
16324,,1,1,2
15585,,1,1,2
16739,,1,1,2
17157,,1,1,2
15219,,1,1,2
15014,,1,1,2
14765,,1,1,2
14491,,1,1,2
15334,,1,1,2
15921,,1,1,2
15840,,1,1,2
16526,,1,1,2
12930,,1,1,2
13780,,1,1,2
15130,,1,1,2
17370,,1,1,2
13300,,1,1,2
15186,,1,1,2
18112,,1,1,2
16545,,1,1,2
16824,,1,1,2
14327,,1,1,2
13745,,1,1,2
17123,,1,1,2
16589,,1,1,2
12922,,1,1,2
14053,,1,1,2
13833,,1,1,2
17464,,1,1,2
13338,,1,1,2
15889,,1,1,2
13291,,1,1,2
17892,,1,1,2
13699,,1,1,2
17031,,1,1,2
15901,,1,1,2
14690,,1,1,2
13058,,1,1,2
13207,,1,1,2
16450,,1,1,2
13667,,1,1,2
14847,,1,1,2
12915,,1,1,2
14716,,1,1,2
17266,,1,1,2
17948,,1,1,2
12833,,1,1,2
12875,,1,1,2
13827,,1,1,2
17866,,1,1,2
17229,,1,1,2
16149,,1,1,2
14517,,1,1,2
17694,,1,1,2
15623,,1,1,2
16305,,1,1,2
17040,,1,1,2
16557,,1,1,2
13930,,1,1,2
16447,,1,1,2
14331,,1,1,2
15261,,1,1,2
15639,,1,1,2
15118,,1,1,2
15942,,1,1,2
15120,,1,1,2
16147,,1,1,2
13277,,1,1,2
18127,,1,1,2
18081,,1,1,2
12981,,1,1,2
17941,,1,1,2
14947,,1,1,2
12844,,1,1,2
15342,,1,1,2
15254,,1,1,2
17267,,1,1,2
14079,,1,1,2
14024,,1,1,2
15247,,1,1,2
16292,,1,1,2
17248,,1,1,2
13645,,1,1,2
14658,,1,1,2
16272,,1,1,2
16836,,1,1,2
13189,,1,1,2
13140,,1,1,2
17070,,1,1,2
12962,,1,1,2
17736,,1,1,2
15472,,1,1,2
16582,,1,1,2
15396,,1,1,2
16555,,1,1,2
16968,,1,1,2
14196,,1,1,2
16429,,1,1,2
14660,,1,1,2
13045,,1,1,2
14420,,1,1,2
12832,,1,1,2
16674,,1,1,2
14171,,1,1,2
16761,,1,1,2
14067,,1,1,2
16629,,1,1,2
18261,,1,1,2
16400,,1,1,2
17339,,1,1,2
13210,,1,1,2
17573,,1,1,2
14452,,1,1,2
13889,,1,1,2
18222,,1,1,2
13441,,1,1,2
15652,,1,1,2
15035,,1,1,2
14508,,1,1,2
13272,,1,1,2
13372,,1,1,2
16796,,1,1,2
18215,,1,1,2
18158,,1,1,2
12884,,1,1,2
17433,,1,1,2
16451,,1,1,2
15522,,1,1,2
15343,,1,1,2
12895,,1,1,2
18001,,1,1,2
16048,,1,1,2
15466,,1,1,2
15099,,1,1,2
14124,,1,1,2
15975,,1,1,2
15523,,1,1,2
16689,,1,1,2
13774,,1,1,2
13228,,1,1,2
17564,,1,1,2
16627,,1,1,2
14951,,1,1,2
14780,,1,1,2
17172,,1,1,2
16236,,1,1,2
17163,,1,1,2
16715,,1,1,2
13127,,1,1,2
15714,,1,1,2
16978,,1,1,2
15475,,1,1,2
16485,,1,1,2
13083,,1,1,2
17506,,1,1,2
13787,,1,1,2
17498,,1,1,2
15429,,1,1,2
17154,,1,1,2
14757,,1,1,2
16198,,1,1,2
13670,,1,1,2
18066,,1,1,2
13927,,1,1,2
14908,,1,1,2
15243,,1,1,2
16181,,1,1,2
16354,,1,1,2
16119,,1,1,2
13061,,1,1,2
16909,,1,1,2
13886,,1,1,2
16574,,1,1,2
15949,,1,1,2
18053,,1,1,2
13954,,1,1,2
13347,,1,1,2
15185,,1,1,2
16404,,1,1,2
15774,,1,1,2
16930,,1,1,2
18059,,1,1,2
14333,,1,1,2
17330,,1,1,2
15930,,1,1,2
16183,,1,1,2
13801,,1,1,2
16881,,1,1,2
14184,,1,1,2
13351,,1,1,2
15739,,1,1,2
15127,,1,1,2
16478,,1,1,2
17222,,1,1,2
16803,,1,1,2
16758,,1,1,2
13845,,1,1,2
15837,,1,1,2
13177,,1,1,2
13602,,1,1,2
13504,,1,1,2
15264,,1,1,2
16432,,1,1,2
15766,,1,1,2
14427,,1,1,2
13359,,1,1,2
13806,,1,1,2
13587,,1,1,2
16104,,1,1,2
13259,,1,1,2
16595,,1,1,2
16685,,1,1,2
17025,,1,1,2
16982,,1,1,2
16776,,1,1,2
13352,,1,1,2
15553,,1,1,2
12824,,1,1,2
14537,,1,1,2
14975,,1,1,2
16430,,1,1,2
16793,,1,1,2
17614,,1,1,2
16413,,1,1,2
14910,,1,1,2
16243,,1,1,2
15994,,1,1,2
15545,,1,1,2
16052,,1,1,2
17201,,1,1,2
15012,,1,1,2
13923,,1,1,2
17205,,1,1,2
16737,,1,1,2
15355,,1,1,2
16848,,1,1,2
15678,,1,1,2
13594,,1,1,2
16123,,1,1,2
16851,,1,1,2
17973,,1,1,2
16826,,1,1,2
17824,,1,1,2
15803,,1,1,2
14638,,1,1,2
13245,,1,1,2
16177,,1,1,2
14484,,1,1,2
13897,,1,1,2
17125,,1,1,2
16313,,1,1,2
13974,,1,1,2
18005,,1,1,2
17111,,1,1,2
15592,,1,1,2
15277,,1,1,2
14764,,1,1,2
18240,,1,1,2
17081,,1,1,2
14139,,1,1,2
15345,,1,1,2
15158,,1,1,2
16071,,1,1,2
15320,,1,1,2
12827,,1,1,2
15659,,1,1,2
18154,,1,1,2
18276,,1,1,2
17878,,1,1,2
14752,,1,1,2
16855,,1,1,2
16648,,1,1,2
17839,,1,1,2
16601,,1,1,2
15054,,1,1,2
15385,,1,1,2
18067,,1,1,2
15360,,1,1,2
13103,,1,1,2
15667,,1,1,2
16830,,1,1,2
17668,,1,1,2
16884,,1,1,2
18164,,1,1,2
17999,,1,1,2
17595,,1,1,2
14528,,1,1,2
17432,,1,1,2
15551,,1,1,2
16322,,1,1,2
17403,,1,1,2
17221,,1,1,2
17078,,1,1,2
15010,,1,1,2
16318,,1,1,2
15597,,1,1,2
13727,,1,1,2
16372,,1,1,2
15883,,1,1,2
15025,,1,1,2
17430,,1,1,2
15870,,1,1,2
13673,,1,1,2
13066,,1,1,2
15957,,1,1,2
15153,,1,1,2
17011,,1,1,2
15450,,1,1,2
16025,,1,1,2
17977,,1,1,2
14863,,1,1,2
16903,,1,1,2
17052,,1,1,2
13091,,1,1,2
14902,,1,1,2
16936,,1,1,2
18117,,1,1,2
16207,,1,1,2
17793,,1,1,2
14953,,1,1,2
16423,,1,1,2
17510,,1,1,2
15524,,1,1,2
18181,,1,1,2
15556,,1,1,2
17357,,1,1,2
12890,,1,1,2
13449,,1,1,2
15269,,1,1,2
15900,,1,1,2
16204,,1,1,2
17896,,1,1,2
17835,,1,1,2
18006,,1,1,2
17237,,1,1,2
17760,,1,1,2
18034,,1,1,2
15368,,1,1,2
14881,,1,1,2
14950,,1,1,2
17636,,1,1,2
13142,,1,1,2
16366,,1,1,2
15857,,1,1,2
15115,,1,1,2
15699,,1,1,2
16956,,1,1,2
15877,,1,1,2
14424,,1,1,2
13569,,1,1,2
13986,,1,1,2
15634,,1,1,2
16343,,1,1,2
14987,,1,1,2
16596,,1,1,2
17458,,1,1,2
17254,,1,1,2
17767,,1,1,2
15725,,1,1,2
17247,,1,1,2
14703,,1,1,2
17385,,1,1,2
15872,,1,1,2
17232,,1,1,2
13332,,1,1,2
16024,,1,1,2
14954,,1,1,2
14093,,1,1,2
13844,,1,1,2
17379,,1,1,2
14480,,1,1,2
13349,,1,1,2
15619,,1,1,2
15148,,1,1,2
15783,,1,1,2
16479,,1,1,2
12953,,1,1,2
13255,,1,1,2
14448,,1,1,2
15060,,1,1,2
17911,,1,1,2
14804,,1,1,2
14594,,1,1,2
17936,,1,1,2
15097,,1,1,2
13790,,1,1,2
13173,,1,1,2
15318,,1,1,2
17914,,1,1,2
16528,,1,1,2
15520,,1,1,2
13298,,1,1,2
17548,201012.0,1,1,1
13747,201012.0,1,1,1
16583,201012.0,1,1,1
17181,201012.0,1,1,1
17572,201012.0,1,1,1
14237,201012.0,1,1,1
15350,201012.0,1,1,1
17643,201101.0,1,1,1
13065,201101.0,1,1,1
16835,201101.0,1,1,1
18011,201101.0,1,1,1
12855,201101.0,1,1,1
17855,201101.0,1,1,1
15070,201102.0,1,1,1
16546,201102.0,1,1,1
15923,201102.0,1,1,1
16752,201102.0,1,1,1
17547,201102.0,1,1,1
15823,201102.0,1,1,1
13958,201102.0,1,1,1
16995,201102.0,1,1,1
13011,201103.0,1,1,1
13295,201103.0,1,1,1
16634,201103.0,1,1,1
14576,201103.0,1,1,1
14865,201103.0,1,1,1
14213,201103.0,1,1,1
14679,201103.0,1,1,1
17967,201103.0,1,1,1
14589,201103.0,1,1,1
16926,201103.0,1,1,1
14813,201104.0,1,1,1
15221,201104.0,1,1,1
17026,201104.0,1,1,1
14413,,1,1,1
18004,,1,1,1
16665,,1,1,1
15454,,1,1,1
18037,,1,1,1
17524,,1,1,1
17969,,1,1,1
13948,,1,1,1
13008,,1,1,1
18141,,1,1,1
16262,,1,1,1
13295,,1,1,1
15512,,1,1,1
18050,,1,1,1
17752,,1,1,1
13829,,1,1,1
17820,,1,1,1
17580,,1,1,1
14777,,1,1,1
18269,,1,1,1
14373,,1,1,1
15160,,1,1,1
13033,,1,1,1
17343,,1,1,1
18256,,1,1,1
14119,,1,1,1
15460,,1,1,1
15562,,1,1,1
13922,,1,1,1
16282,,1,1,1
15973,,1,1,1
16112,,1,1,1
15266,,1,1,1
15823,,1,1,1
16424,,1,1,1
13187,,1,1,1
15607,,1,1,1
15139,,1,1,1
17707,,1,1,1
14889,,1,1,1
17128,,1,1,1
13565,,1,1,1
18032,,1,1,1
13672,,1,1,1
16351,,1,1,1
13144,,1,1,1
14295,,1,1,1
14185,,1,1,1
13284,,1,1,1
15447,,1,1,1
16315,,1,1,1
15316,,1,1,1
17988,,1,1,1
14238,,1,1,1
13859,,1,1,1
12346,,1,1,1
13898,,1,1,1
15395,,1,1,1
13693,,1,1,1
14090,,1,1,1
15262,,1,1,1
15422,,1,1,1
15174,,1,1,1
16387,,1,1,1
17889,,1,1,1
17714,,1,1,1
15167,,1,1,1
14368,,1,1,1
14501,,1,1,1
14782,,1,1,1
15820,,1,1,1
13551,,1,1,1
15052,,1,1,1
16757,,1,1,1
18277,,1,1,1
13703,,1,1,1
13002,,1,1,1
17118,,1,1,1
16124,,1,1,1
16897,,1,1,1
13161,,1,1,1
16403,,1,1,1
17619,,1,1,1
17256,,1,1,1
13600,,1,1,1
14627,,1,1,1
17356,,1,1,1
12929,,1,1,1
17376,,1,1,1
15940,,1,1,1
14457,,1,1,1
15226,,1,1,1
17446,,1,1,1
14798,,1,1,1
16405,,1,1,1
13581,,1,1,1
17517,,1,1,1
13584,,1,1,1
14438,,1,1,1
12956,,1,1,1
17859,,1,1,1
15753,,1,1,1
13133,,1,1,1
17881,,1,1,1
15843,,1,1,1
17843,,1,1,1
12897,,1,1,1
14304,,1,1,1
15638,,1,1,1
12943,,1,1,1
18084,,1,1,1
16738,,1,1,1
16073,,1,1,1
14760,,1,1,1
14386,,1,1,1
15670,,1,1,1
16148,,1,1,1
18138,,1,1,1
14371,,1,1,1
16765,,1,1,1
16546,,1,1,1
16349,,1,1,1
16913,,1,1,1
18114,,1,1,1
15397,,1,1,1
18068,,1,1,1
15590,,1,1,1
17171,,1,1,1
17117,,1,1,1
15543,,1,1,1
13666,,1,1,1
13792,,1,1,1
13684,,1,1,1
16598,,1,1,1
15724,,1,1,1
16339,,1,1,1
14046,,1,1,1
16427,,1,1,1
17165,,1,1,1
16462,,1,1,1
16078,,1,1,1
15709,,1,1,1
15319,,1,1,1
15257,,1,1,1
15733,,1,1,1
14473,,1,1,1
16792,,1,1,1
17923,,1,1,1
14483,,1,1,1
17995,,1,1,1
17789,,1,1,1
15393,,1,1,1
13382,,1,1,1
14570,,1,1,1
17325,,1,1,1
14995,,1,1,1
16414,,1,1,1
17535,,1,1,1
14247,,1,1,1
15554,,1,1,1
18280,,1,1,1
16356,,1,1,1
17654,,1,1,1
16517,,1,1,1
15869,,1,1,1
15234,,1,1,1
14586,,1,1,1
17639,,1,1,1
14165,,1,1,1
16471,,1,1,1
18086,,1,1,1
16080,,1,1,1
15049,,1,1,1
13226,,1,1,1
14962,,1,1,1
17542,,1,1,1
16392,,1,1,1
13716,,1,1,1
17816,,1,1,1
16061,,1,1,1
13299,,1,1,1
13185,,1,1,1
14840,,1,1,1
17603,,1,1,1
13072,,1,1,1
14059,,1,1,1
14066,,1,1,1
15483,,1,1,1
18270,,1,1,1
14041,,1,1,1
17060,,1,1,1
14155,,1,1,1
15703,,1,1,1
12902,,1,1,1
14693,,1,1,1
15445,,1,1,1
14205,,1,1,1
16619,,1,1,1
18224,,1,1,1
17763,,1,1,1
13262,,1,1,1
14632,,1,1,1
12831,,1,1,1
15437,,1,1,1
15457,,1,1,1
17102,,1,1,1
18191,,1,1,1
13132,,1,1,1
16620,,1,1,1
17698,,1,1,1
15178,,1,1,1
14536,,1,1,1
17946,,1,1,1
18273,,1,1,1
16777,,1,1,1
14476,,1,1,1
15083,,1,1,1
18010,,1,1,1
17775,,1,1,1
15528,,1,1,1
14890,,1,1,1
14957,,1,1,1
17212,,1,1,1
17781,,1,1,1
13462,,1,1,1
13841,,1,1,1
16162,,1,1,1
15691,,1,1,1
13781,,1,1,1
13059,,1,1,1
17956,,1,1,1
15917,,1,1,1
17440,,1,1,1
14964,,1,1,1
17906,,1,1,1
16144,,1,1,1
13712,,1,1,1
14981,,1,1,1
17928,,1,1,1
16623,,1,1,1
13962,,1,1,1
15775,,1,1,1
13508,,1,1,1
13570,,1,1,1
18129,,1,1,1
17574,,1,1,1
14311,,1,1,1
14326,,1,1,1
17972,,1,1,1
15212,,1,1,1
16697,,1,1,1
16454,,1,1,1
16097,,1,1,1
17746,,1,1,1
17601,,1,1,1
15135,,1,1,1
13120,,1,1,1
17572,,1,1,1
17367,,1,1,1
18213,,1,1,1
17582,,1,1,1
13474,,1,1,1
16617,,1,1,1
15717,,1,1,1
13101,,1,1,1
17217,,1,1,1
17548,,1,1,1
14148,,1,1,1
16611,,1,1,1
17718,,1,1,1
13223,,1,1,1
16587,,1,1,1
13482,,1,1,1
17670,,1,1,1
17436,,1,1,1
16965,,1,1,1
17187,,1,1,1
17991,,1,1,1
13229,,1,1,1
14271,,1,1,1
17893,,1,1,1
16634,,1,1,1
16055,,1,1,1
18146,,1,1,1
16610,,1,1,1
17394,,1,1,1
16990,,1,1,1
13762,,1,1,1
14340,,1,1,1
16457,,1,1,1
14199,,1,1,1
14697,,1,1,1
14393,,1,1,1
17578,,1,1,1
15668,,1,1,1
17174,,1,1,1
18227,,1,1,1
16832,,1,1,1
15552,,1,1,1
13723,,1,1,1
13561,,1,1,1
14353,,1,1,1
13003,,1,1,1
16756,,1,1,1
18120,,1,1,1
14699,,1,1,1
12821,,1,1,1
15729,,1,1,1
13235,,1,1,1
16006,,1,1,1
14689,,1,1,1
17263,,1,1,1
17898,,1,1,1
16446,,1,1,1
17556,,1,1,1
16647,,1,1,1
17245,,1,1,1
17871,,1,1,1
14551,,1,1,1
17166,,1,1,1
13391,,1,1,1
17455,,1,1,1
18048,,1,1,1
16690,,1,1,1
13972,,1,1,1
14682,,1,1,1
15292,,1,1,1
15705,,1,1,1
18018,,1,1,1
15042,,1,1,1
14287,,1,1,1
14705,,1,1,1
16448,,1,1,1
12974,,1,1,1
15852,,1,1,1
14280,,1,1,1
16323,,1,1,1
15897,,1,1,1
15925,,1,1,1
15863,,1,1,1
16483,,1,1,1
13070,,1,1,1
15124,,1,1,1
14453,,1,1,1
17900,,1,1,1
16117,,1,1,1
16659,,1,1,1
16963,,1,1,1
13682,,1,1,1
15462,,1,1,1
16849,,1,1,1
14542,,1,1,1
18072,,1,1,1
13283,,1,1,1
17987,,1,1,1
17026,,1,1,1
14241,,1,1,1
16113,,1,1,1
13686,,1,1,1
16581,,1,1,1
17234,,1,1,1
18281,,1,1,1
14984,,1,1,1
17349,,1,1,1
13080,,1,1,1
13663,,1,1,1
16461,,1,1,1
17536,,1,1,1
16257,,1,1,1
13826,,1,1,1
14037,,1,1,1
16852,,1,1,1
15909,,1,1,1
13618,,1,1,1
16050,,1,1,1
17879,,1,1,1
13568,,1,1,1
12837,,1,1,1
15016,,1,1,1
15280,,1,1,1
14960,,1,1,1
17960,,1,1,1
15412,,1,1,1
16114,,1,1,1
13420,,1,1,1
17877,,1,1,1
16247,,1,1,1
15041,,1,1,1
16287,,1,1,1
17709,,1,1,1
13937,,1,1,1
15850,,1,1,1
14795,,1,1,1
14104,,1,1,1
17110,,1,1,1
18193,,1,1,1
14351,,1,1,1
17408,,1,1,1
15537,,1,1,1
15578,,1,1,1
16498,,1,1,1
17891,,1,1,1
16866,,1,1,1
17939,,1,1,1
17899,,1,1,1
15007,,1,1,1
16861,,1,1,1
16344,,1,1,1
17024,,1,1,1
18203,,1,1,1
16338,,1,1,1
16829,,1,1,1
13217,,1,1,1
12977,,1,1,1
18013,,1,1,1
13302,,1,1,1
15920,,1,1,1
18024,,1,1,1
13678,,1,1,1
14552,,1,1,1
15895,,1,1,1
13669,,1,1,1
15256,,1,1,1
14722,,1,1,1
13967,,1,1,1
17984,,1,1,1
17448,,1,1,1
15369,,1,1,1
13154,,1,1,1
14117,,1,1,1
18101,,1,1,1
17065,,1,1,1
14437,,1,1,1
15802,,1,1,1
17962,,1,1,1
14259,,1,1,1
17935,,1,1,1
17660,,1,1,1
13079,,1,1,1
18262,,1,1,1
12864,,1,1,1
16178,,1,1,1
14100,,1,1,1
13296,,1,1,1
17693,,1,1,1
13194,,1,1,1
18268,,1,1,1
15746,,1,1,1
14143,,1,1,1
15776,,1,1,1
13106,,1,1,1
15438,,1,1,1
14076,,1,1,1
17887,,1,1,1
15374,,1,1,1
16835,,1,1,1
14972,,1,1,1
17514,,1,1,1
14768,,1,1,1
18099,,1,1,1
13218,,1,1,1
16302,,1,1,1
13513,,1,1,1
18282,,1,1,1
15198,,1,1,1
17331,,1,1,1
14495,,1,1,1
13307,,1,1,1
17122,,1,1,1
14406,,1,1,1
15683,,1,1,1
13621,,1,1,1
16961,,1,1,1
13470,,1,1,1
15541,,1,1,1
13273,,1,1,1
17747,,1,1,1
16828,,1,1,1
14772,,1,1,1
12968,,1,1,1
16330,,1,1,1
15313,,1,1,1
16952,,1,1,1
18147,,1,1,1
14523,,1,1,1
13411,,1,1,1
15263,,1,1,1
14314,,1,1,1
16093,,1,1,1
15663,,1,1,1
18200,,1,1,1
16641,,1,1,1
15325,,1,1,1
13778,,1,1,1
15866,,1,1,1
15690,,1,1,1
13099,,1,1,1
14436,,1,1,1
18027,,1,1,1
12851,,1,1,1
15307,,1,1,1
17309,,1,1,1
14208,,1,1,1
13130,,1,1,1
15488,,1,1,1
13244,,1,1,1
18255,,1,1,1
15216,,1,1,1
16959,,1,1,1
17347,,1,1,1
13877,,1,1,1
16189,,1,1,1
12995,,1,1,1
14557,,1,1,1
16878,,1,1,1
13067,,1,1,1
15504,,1,1,1
17628,,1,1,1
16527,,1,1,1
16428,,1,1,1
16215,,1,1,1
15888,,1,1,1
17475,,1,1,1
16213,,1,1,1
15603,,1,1,1
17079,,1,1,1
13279,,1,1,1
13519,,1,1,1
15744,,1,1,1
14652,,1,1,1
16594,,1,1,1
14806,,1,1,1
15154,,1,1,1
15958,,1,1,1
16468,,1,1,1
13866,,1,1,1
13514,,1,1,1
18278,,1,1,1
14109,,1,1,1
15348,,1,1,1
17427,,1,1,1
15175,,1,1,1
13960,,1,1,1
13503,,1,1,1
13364,,1,1,1
15565,,1,1,1
15593,,1,1,1
13095,,1,1,1
16591,,1,1,1
17957,,1,1,1
15276,,1,1,1
16106,,1,1,1
13483,,1,1,1
17382,,1,1,1
13947,,1,1,1
17647,,1,1,1
14054,,1,1,1
18033,,1,1,1
16895,,1,1,1
14518,,1,1,1
15937,,1,1,1
12923,,1,1,1
13348,,1,1,1
14792,,1,1,1
17030,,1,1,1
13876,,1,1,1
13419,,1,1,1
16900,,1,1,1
16248,,1,1,1
15612,,1,1,1
18088,,1,1,1
13193,,1,1,1
14801,,1,1,1
16921,,1,1,1
14027,,1,1,1
16179,,1,1,1
18169,,1,1,1
18126,,1,1,1
17186,,1,1,1
13980,,1,1,1
15886,,1,1,1
17620,,1,1,1
14624,,1,1,1
16171,,1,1,1
13690,,1,1,1
14642,,1,1,1
16753,,1,1,1
17737,,1,1,1
17279,,1,1,1
16773,,1,1,1
17181,,1,1,1
13858,,1,1,1
14089,,1,1,1
13006,,1,1,1
17986,,1,1,1
16542,,1,1,1
18042,,1,1,1
16412,,1,1,1
17534,,1,1,1
15335,,1,1,1
17206,,1,1,1
17785,,1,1,1
16932,,1,1,1
16363,,1,1,1
14830,,1,1,1
15598,,1,1,1
15637,,1,1,1
15327,,1,1,1
14861,,1,1,1
15604,,1,1,1
14381,,1,1,1
17148,,1,1,1
17549,,1,1,1
15610,,1,1,1
15853,,1,1,1
18019,,1,1,1
14799,,1,1,1
13366,,1,1,1
16846,,1,1,1
14585,,1,1,1
15836,,1,1,1
13460,,1,1,1
15286,,1,1,1
17832,,1,1,1
15728,,1,1,1
15740,,1,1,1
16017,,1,1,1
13598,,1,1,1
17836,,1,1,1
15516,,1,1,1
16742,,1,1,1
17344,,1,1,1
15844,,1,1,1
18045,,1,1,1
13182,,1,1,1
13978,,1,1,1
14598,,1,1,1
16415,,1,1,1
17895,,1,1,1
17684,,1,1,1
16847,,1,1,1
16026,,1,1,1
14357,,1,1,1
16680,,1,1,1
14218,,1,1,1
15096,,1,1,1
18030,,1,1,1
14582,,1,1,1
15748,,1,1,1
16506,,1,1,1
16190,,1,1,1
13651,,1,1,1
13697,,1,1,1
14345,,1,1,1
14485,,1,1,1
15423,,1,1,1
16971,,1,1,1
18105,,1,1,1
14974,,1,1,1
17947,,1,1,1
13271,,1,1,1
16337,,1,1,1
14098,,1,1,1
16914,,1,1,1
17274,,1,1,1
17233,,1,1,1
16887,,1,1,1
13938,,1,1,1
15017,,1,1,1
13532,,1,1,1
16445,,1,1,1
17608,,1,1,1
14174,,1,1,1
14039,,1,1,1
15526,,1,1,1
17831,,1,1,1
14080,,1,1,1
14073,,1,1,1
14929,,1,1,1
13710,,1,1,1
17219,,1,1,1
17022,,1,1,1
12893,,1,1,1
14836,,1,1,1
17038,,1,1,1
14968,,1,1,1
16516,,1,1,1
13522,,1,1,1
15986,,1,1,1
13992,,1,1,1
14354,,1,1,1
16953,,1,1,1
18274,,1,1,1
17791,,1,1,1
15463,,1,1,1
17901,,1,1,1
14789,,1,1,1
18209,,1,1,1
16433,,1,1,1
15692,,1,1,1
18014,,1,1,1
14661,,1,1,1
13170,,1,1,1
13146,,1,1,1
13603,,1,1,1
16720,,1,1,1
14494,,1,1,1
12938,,1,1,1
15168,,1,1,1
17538,,1,1,1
15458,,1,1,1
16519,,1,1,1
15419,,1,1,1
15758,,1,1,1
14666,,1,1,1
14714,,1,1,1
17153,,1,1,1
14385,,1,1,1
17680,,1,1,1
13926,,1,1,1
15432,,1,1,1
15657,,1,1,1
13160,,1,1,1
14362,,1,1,1
13828,,1,1,1
15435,,1,1,1
14641,,1,1,1
17286,,1,1,1
17904,,1,1,1
17301,,1,1,1
14793,,1,1,1
17650,,1,1,1
16784,,1,1,1
14052,,1,1,1
18110,,1,1,1
17561,,1,1,1
16411,,1,1,1
15988,,1,1,1
16666,,1,1,1
14860,,1,1,1
13832,,1,1,1
14300,,1,1,1
15567,,1,1,1
16406,,1,1,1
12984,,1,1,1
17253,,1,1,1
13739,,1,1,1
17010,,1,1,1
13403,,1,1,1
17600,,1,1,1
13322,,1,1,1
17297,,1,1,1
12920,,1,1,1
18249,,1,1,1
14581,,1,1,1
13638,,1,1,1
16482,,1,1,1
14785,,1,1,1
18184,,1,1,1
15428,,1,1,1
16856,,1,1,1
14966,,1,1,1
17468,,1,1,1
14946,,1,1,1
13256,,1,1,1
17885,,1,1,1
17852,,1,1,1
15540,,1,1,1
17359,,1,1,1
13188,,1,1,1
14601,,1,1,1
17772,,1,1,1
13428,,1,1,1
15790,,1,1,1
14349,,1,1,1
18058,,1,1,1
12966,,1,1,1
15904,,1,1,1
16789,,1,1,1
17942,,1,1,1
13560,,1,1,1
13017,,1,1,1
14865,,1,1,1
18174,,1,1,1
16988,,1,1,1
18015,,1,1,1
16597,,1,1,1
14219,,1,1,1
17383,,1,1,1
15992,,1,1,1
16569,,1,1,1
14578,,1,1,1
14087,,1,1,1
14204,,1,1,1
13436,,1,1,1
14569,,1,1,1
